,No. Deep Layers,Epoch,Train MAPE,Train RMSE,Train R2,Train CRMSD,Train data Standard Deviation,Train data based prediction Standard Deviation
0,1,0,2.00101367632548,17.809946,-406.73423258463544,1.8053554,0.9835758536894537,1.1740154
1,1,1,2.0116990407307944,17.802298,-311.9378153483073,1.9943691,0.9835758536894537,1.3544182
2,1,2,1.9814470211664836,18.08127,-369.3737284342448,1.9712719,0.9835758536894537,1.3137535
3,1,3,1.9322540760040283,17.220411,-14637.537872314453,1.5211191,0.9835758536894537,1.0577509
4,1,4,1.8745086193084717,16.631882,-336.5613555908203,1.6715351,0.9835758536894537,0.93205595
5,1,5,1.8740036487579346,16.831343,-377.4454040527344,2.1156862,0.9835758536894537,1.4844567
6,1,6,1.8551615476608276,16.26937,-332.5874379475911,1.5885497,0.9835758536894537,0.9385676
7,1,7,1.8289857705434163,16.182436,-241.67977396647134,1.7909956,0.9835758536894537,1.1099756
8,1,8,1.7521322170893352,15.613815,-345.7104034423828,1.4867954,0.9835758536894537,0.8500568
9,1,9,1.7306522130966187,15.245808,-448.66583251953125,1.5333132,0.9835758536894537,1.0103692
10,1,10,1.7265390157699585,15.25972,-454.62156677246094,1.7993364,0.9835758536894537,1.164517
11,1,11,1.6831770340601604,14.806008,-462.29029846191406,1.5421871,0.9835758536894537,0.9532339
12,1,12,1.6931528250376384,14.472786,-239.14602661132812,1.4451979,0.9835758536894537,0.86246777
13,1,13,1.6307692130406697,14.414128,-196.69212849934897,1.7988592,0.9835758536894537,0.8956103
14,1,14,1.6103260119756062,14.832733,-235.44832356770834,1.7837238,0.9835758536894537,1.0400271
15,1,15,1.571881095568339,13.929047,-671.1577453613281,1.3818253,0.9835758536894537,0.77766365
16,1,16,1.557031551996867,13.621014,-345.77833048502606,1.409112,0.9835758536894537,0.8939411
17,1,17,1.5043658415476482,13.402562,-180.05513509114584,1.6239319,0.9835758536894537,0.7647426
18,1,18,1.4869391520818074,12.917,-169.7317148844401,1.4462525,0.9835758536894537,0.7452207
19,1,19,1.4515883127848308,12.849048,-186.68958536783853,1.2342095,0.9835758536894537,0.8117865
20,1,20,1.4213095903396606,12.669182,-195.63915506998697,1.4402237,0.9835758536894537,0.7612545
21,1,21,1.4123540719350178,12.741233,-170.92486572265625,1.6440125,0.9835758536894537,0.81906086
22,1,22,1.3807570934295654,12.537972,-219.0806121826172,1.5233717,0.9835758536894537,0.74930865
23,1,23,1.3408588965733845,12.199577,-391.2714131673177,1.3140186,0.9835758536894537,0.7243474
24,1,24,1.3154715696970622,11.82,-132.67398325602213,1.4005159,0.9835758536894537,0.63708514
25,1,25,1.286792556444804,11.181702,-247.8773651123047,1.1157769,0.9835758536894537,0.5133416
26,1,26,1.253542383511861,11.31911,-148.54810078938803,1.3004193,0.9835758536894537,0.5235643
27,1,27,1.2370365063349407,11.031452,-127.85622660319011,1.3764439,0.9835758536894537,0.58091176
28,1,28,1.2023500601450603,10.917073,-154.81344858805338,1.4078025,0.9835758536894537,0.6227091
29,1,29,1.1540462970733643,10.306786,-132.47166951497397,1.175644,0.9835758536894537,0.4354602
30,1,30,1.134374737739563,10.045596,-221.52185821533203,1.081895,0.9835758536894537,0.364527
31,1,31,1.1236081918080647,10.017273,-107.53726704915364,1.3329954,0.9835758536894537,0.5020635
32,1,32,1.085908571879069,9.413487,-95.76580810546875,1.1576115,0.9835758536894537,0.36869934
33,1,33,1.051372726758321,9.456401,-87.97502136230469,1.2952371,0.9835758536894537,0.36454085
34,1,34,1.0201623837153118,9.091788,-105.35862477620442,1.0718683,0.9835758536894537,0.28931096
35,1,35,0.9948806762695312,8.8687935,-850.069704691569,0.85625887,0.9835758536894537,0.25571945
36,1,36,0.9671299656232198,8.75172,-135.5560785929362,1.0102988,0.9835758536894537,0.24782552
37,1,37,0.9484061201413473,8.641114,-84.72007497151692,1.1828586,0.9835758536894537,0.35572895
38,1,38,0.913133462270101,8.254926,-64.7989616394043,1.1858574,0.9835758536894537,0.23591937
39,1,39,0.880169669787089,7.71073,-119.0971310933431,0.8930643,0.9835758536894537,0.20909567
40,1,40,0.8519275387128195,7.751118,-61.47572580973307,1.1329297,0.9835758536894537,0.21495269
41,1,41,0.8273407419522604,7.4842834,-53.814080556233726,1.1379725,0.9835758536894537,0.20815895
42,1,42,0.7982853849728903,7.2068386,-93.0921516418457,0.91358405,0.9835758536894537,0.17214693
43,1,43,0.7660932342211405,6.9423165,-43.054226557413735,1.189881,0.9835758536894537,0.195455
44,1,44,0.7433410882949829,6.669104,-57.478145599365234,0.94664603,0.9835758536894537,0.19767882
45,1,45,0.7044947147369385,6.333422,-37.71133041381836,1.1028613,0.9835758536894537,0.2130455
46,1,46,0.6807425816853842,6.2796655,-40.69981575012207,1.0906903,0.9835758536894537,0.23220594
47,1,47,0.6491845846176147,5.7722154,-79.54147974650066,0.7895624,0.9835758536894537,0.24394691
48,1,48,0.6248350938161215,5.59442,-68.41679700215657,0.7715933,0.9835758536894537,0.27267867
49,1,49,0.5945529143015543,5.30896,-68.09030469258626,0.80302286,0.9835758536894537,0.2754155
50,1,50,0.5548228025436401,4.9451923,-43.60820706685384,0.8806699,0.9835758536894537,0.35062727
51,1,51,0.5366673270861307,4.8036532,-92.22324562072754,0.79983,0.9835758536894537,0.33230352
52,1,52,0.5130953590075175,4.7179265,-24.945907592773438,0.9568856,0.9835758536894537,0.39429355
53,1,53,0.4937142829100291,4.635861,-37.10657819112142,0.8849738,0.9835758536894537,0.36787757
54,1,54,0.45905327796936035,4.1459994,-49.152336756388344,0.813379,0.9835758536894537,0.34567344
55,1,55,0.41108105580012005,3.878418,-13.3884490331014,1.0109907,0.9835758536894537,0.39334837
56,1,56,0.3990505635738373,3.7434042,-20.856925010681152,0.9099836,0.9835758536894537,0.40175053
57,1,57,0.3531680107116699,3.4723256,-10.014256795247396,1.1649504,0.9835758536894537,0.4204404
58,1,58,0.3293445408344269,3.0398815,-41.44380156199137,0.69999194,0.9835758536894537,0.48227057
59,1,59,0.3021453221638997,3.0127022,-8.031188488006592,1.1498343,0.9835758536894537,0.52589804
60,1,60,0.2778062125047048,2.5847237,-19.340668360392254,0.66984534,0.9835758536894537,0.4982662
61,1,61,0.2294991115729014,2.2244656,-6.5577928225199384,0.9863248,0.9835758536894537,0.6961859
62,1,62,0.2184396187464396,2.1829472,-4.276571591695149,1.1169728,0.9835758536894537,0.73240083
63,1,63,0.19241048395633698,1.8919611,-2.612246036529541,1.048082,0.9835758536894537,0.594794
64,1,64,0.17059274017810822,1.6226047,-2.988865375518799,0.77126247,0.9835758536894537,0.7222612
65,1,65,0.16434221963087717,1.6069237,-1.7865151564280193,1.0655277,0.9835758536894537,0.7810046
66,1,66,0.14389284451802573,1.485837,-1.3271008332570393,0.93760806,0.9835758536894537,0.72930354
67,1,67,0.13221405446529388,1.361585,-2.2884438832600913,0.9629369,0.9835758536894537,0.71451396
68,1,68,0.12270669887463252,1.2960633,-0.6702880064646403,0.9399479,0.9835758536894537,0.898364
69,1,69,0.11919032285610835,1.2306827,-0.45531030495961505,1.1770515,0.9835758536894537,0.70102483
70,1,70,0.10547054807345073,1.1660317,-1.297311822573344,1.1210028,0.9835758536894537,0.9486397
71,1,71,0.08985941112041473,1.0501331,-0.10054943958918254,0.9092367,0.9835758536894537,0.8483359
72,1,72,0.07929529870549838,0.91383284,0.04370192686716715,0.94857913,0.9835758536894537,0.8544597
73,1,73,0.07870424290498097,0.8806837,-0.13459875186284384,0.8930769,0.9835758536894537,0.8590405
74,1,74,0.08615381518999736,1.0381861,-0.7281460364659628,0.9852874,0.9835758536894537,0.80551744
75,1,75,0.12143283089001973,1.3236567,-1.000588019688924,1.2225806,0.9835758536894537,0.90020996
76,1,76,0.10891420890887578,1.199735,-0.4247215191523234,1.1940922,0.9835758536894537,0.85365725
77,1,77,0.0839696079492569,0.9562338,-0.09596113363901775,1.0476388,0.9835758536894537,0.93739146
78,1,78,0.08976965645949046,1.0430404,-0.2296071251233419,0.9678839,0.9835758536894537,0.9225876
79,1,79,0.08201333632071812,0.9342847,-1.2336866458257039,0.8847988,0.9835758536894537,0.7444067
80,1,80,0.08242737253506978,0.93121886,-0.057016571362813316,0.9661467,0.9835758536894537,0.8866671
81,1,81,0.07879782095551491,0.8769228,-0.2674753467241923,0.7949695,0.9835758536894537,0.79264164
82,1,82,0.08774491399526596,1.0439687,-0.19870479901631674,0.98442316,0.9835758536894537,0.9148076
83,1,83,0.07780653362472852,0.9142704,-0.13191988070805868,0.9507994,0.9835758536894537,0.83202726
84,1,84,0.07515760883688927,0.84676486,0.08051156997680664,0.8796064,0.9835758536894537,0.93082386
85,1,85,0.08877245833476384,1.0534068,-0.25500694910685223,0.9841328,0.9835758536894537,0.85852283
86,1,86,0.10235601166884105,1.1987427,-0.24671324094136557,1.208108,0.9835758536894537,0.99976903
87,1,87,0.10532470047473907,1.1515213,-0.38427941004435223,1.1535606,0.9835758536894537,0.8287701
88,1,88,0.0860758051276207,0.95355767,-4.583343883355458,0.9712656,0.9835758536894537,0.87191695
89,1,89,0.11416423320770264,1.2359352,-0.5462519327799479,1.2631449,0.9835758536894537,0.8770154
90,1,90,0.08650526652733485,0.9713681,-0.11857767899831136,0.95257455,0.9835758536894537,0.92684954
91,1,91,0.08786417792240779,1.0507342,-0.587218443552653,1.0267938,0.9835758536894537,0.8540032
92,1,92,0.09395036349693935,1.0511526,-1.9931703607241313,1.0822941,0.9835758536894537,0.8626857
93,1,93,0.07384917450447877,0.82619524,-0.04757511615753174,0.84685993,0.9835758536894537,0.800203
94,1,94,0.08431937421361606,0.9316988,0.011009931564331055,0.79432917,0.9835758536894537,1.0518621
95,1,95,0.1289072260260582,1.3321949,-2.5570885141690574,1.228686,0.9835758536894537,0.9987438
96,1,96,0.08661755174398422,1.0217906,-0.08138322830200195,0.95360786,0.9835758536894537,0.98597974
97,1,97,0.07589560250441234,0.84471697,-0.002681394418080648,0.8659194,0.9835758536894537,0.86479354
98,1,98,0.11888438959916432,1.2427477,-2.475143313407898,1.1386324,0.9835758536894537,0.92053366
99,1,99,0.10207158327102661,1.19914,-2.2222074270248413,1.1072179,0.9835758536894537,0.96635437
100,1,100,0.09253501892089844,1.0806623,-1.1436196168263753,1.0590756,0.9835758536894537,0.8274327
101,1,101,0.08582965036233266,0.9621127,-0.4256703853607178,0.9706526,0.9835758536894537,0.8043006
102,1,102,0.08973231166601181,1.016436,-0.22944180170694986,1.012331,0.9835758536894537,0.9305118
103,1,103,0.07834874093532562,0.86412716,-0.3323784867922465,0.84399503,0.9835758536894537,0.82071286
104,1,104,0.0749907586723566,0.8458696,-0.7001214027404785,0.86567897,0.9835758536894537,0.7198615
105,1,105,0.10161756227413814,1.0944481,-0.09637586275736491,1.0978098,0.9835758536894537,0.8877161
106,1,106,0.10528091092904408,1.1895081,-1.3719350298245747,1.1423639,0.9835758536894537,0.8969459
107,1,107,0.09213361144065857,1.0735499,-2.0765405893325806,1.0901029,0.9835758536894537,0.86711293
108,1,108,0.11315251141786575,1.2356128,-1.602600872516632,1.2409227,0.9835758536894537,1.0049148
109,1,109,0.11055708428223927,1.1679399,-1.1760713656743367,1.044848,0.9835758536894537,0.8055453
110,1,110,0.08520181477069855,0.94848853,-0.006410876909891765,0.90034956,0.9835758536894537,0.9262266
111,1,111,0.08711815377076466,1.0316747,-0.4060104290644328,1.0013133,0.9835758536894537,0.7558379
112,1,112,0.09558289001385371,1.0759407,-2.062742074330648,0.9353977,0.9835758536894537,0.66943234
113,1,113,0.12195827066898346,1.2436252,-1.1435173352559407,1.1658069,0.9835758536894537,0.8884437
114,1,114,0.07896193613608678,0.8825586,0.03842741250991821,0.96824414,0.9835758536894537,0.9120299
115,1,115,0.1011418749888738,1.1272095,-0.29542622963587445,1.1471686,0.9835758536894537,0.8045557
116,1,116,0.08250835289557774,0.920862,-0.47221370538075763,0.8762719,0.9835758536894537,0.8640907
117,1,117,0.12695512175559998,1.2853154,-0.8053207794825236,1.0586356,0.9835758536894537,0.73022276
118,1,118,0.10176469882329305,1.1559211,-0.5703938007354736,1.0282787,0.9835758536894537,0.9008414
119,1,119,0.10777690758307774,1.1633126,-0.1523940165837606,1.1428348,0.9835758536894537,0.83343965
120,1,120,0.09846583257118861,1.1764909,-2.5025991996129355,1.0966741,0.9835758536894537,0.85764545
121,1,121,0.10605966796477635,1.1460177,-0.2766425808270772,1.1655645,0.9835758536894537,0.8403762
122,1,122,0.0986672192811966,1.1458836,-0.9415471951166788,1.0711117,0.9835758536894537,0.8368483
123,1,123,0.108565387626489,1.155079,-0.5140756766001383,1.0758299,0.9835758536894537,0.85042757
124,1,124,0.08683506151040395,0.9319112,-0.4154391288757324,0.88274986,0.9835758536894537,0.8709008
125,1,125,0.0845422310133775,0.9563823,-0.15751113494237265,1.0023142,0.9835758536894537,0.934371
126,1,126,0.07891844709714253,0.8708682,-1.7826295296351116,0.790385,0.9835758536894537,0.7272733
127,1,127,0.12015906224648158,1.2299393,-0.5364014903704325,1.2567135,0.9835758536894537,0.91505766
128,1,128,0.10808201134204865,1.1625429,-0.4253083070119222,1.1992232,0.9835758536894537,0.7398109
129,1,129,0.08985746155182521,1.0572201,-1.306739052136739,1.0364133,0.9835758536894537,0.90845203
130,1,130,0.08784422775109609,1.0389551,-2.7690416177113852,1.0048803,0.9835758536894537,0.87916714
131,1,131,0.08880264560381572,1.0418158,-0.5434233347574869,1.0273116,0.9835758536894537,0.81730205
132,1,132,0.08274072408676147,0.91623306,0.007913788159688314,0.91061515,0.9835758536894537,0.93174195
133,1,133,0.09786499788363774,1.1660281,-3.3877756198247275,1.1530188,0.9835758536894537,0.9405243
134,1,134,0.08598685264587402,0.9985922,-0.11557509501775105,0.9875589,0.9835758536894537,0.8709726
135,1,135,0.0742246142278115,0.86564726,0.08661083380381267,0.85285395,0.9835758536894537,0.8625633
136,1,136,0.09933842718601227,1.1794838,-2.3348888158798218,1.1479168,0.9835758536894537,0.92705387
137,1,137,0.07824591050545375,0.90821195,0.010729591051737467,0.97018313,0.9835758536894537,0.9354592
138,1,138,0.0703046911706527,0.82406837,-0.2586666742960612,0.83806473,0.9835758536894537,0.7769386
139,1,139,0.09720683346192042,1.1205915,-2.0314812064170837,1.1085896,0.9835758536894537,0.8376023
140,1,140,0.09187208116054535,1.0937171,-0.851068377494812,1.037515,0.9835758536894537,0.8708379
141,1,141,0.0731339796135823,0.87568337,0.034393747647603355,0.90842366,0.9835758536894537,0.82463413
142,1,142,0.0818315992752711,0.9348267,-0.010279595851898193,0.92819446,0.9835758536894537,0.96435976
143,1,143,0.0832359790802002,0.9199651,-0.328980286916097,0.95008844,0.9835758536894537,0.9453018
144,1,144,0.07913662617405255,0.866029,-0.1876865824063619,0.85396606,0.9835758536894537,0.87303644
145,1,145,0.07465988770127296,0.8457611,-0.1379504601160685,0.8740507,0.9835758536894537,0.8558858
146,1,146,0.1008063976963361,1.138049,-0.20242154598236084,1.0172155,0.9835758536894537,1.0598248
147,1,147,0.0937164177497228,1.0610256,-0.8804296652475992,1.0692542,0.9835758536894537,0.8690853
148,1,148,0.12616383035977682,1.3096522,-1.3717059294382732,1.3154601,0.9835758536894537,1.0049379
149,1,149,0.10699010888735454,1.1708797,-0.5336762070655823,1.1829381,0.9835758536894537,0.84457517
150,1,150,0.08189553394913673,0.9115691,-0.7495435873667399,0.82179433,0.9835758536894537,0.67062145
151,1,151,0.10064347336689632,1.1770209,-2.5788272420565286,1.1574782,0.9835758536894537,1.0043497
152,1,152,0.07081449963152409,0.79500157,-1.3120378851890564,0.7768476,0.9835758536894537,0.6848573
153,1,153,0.07938462495803833,0.8783745,-0.16862539450327554,0.82269806,0.9835758536894537,0.8167239
154,1,154,0.0811430166165034,0.9612682,-0.08252789576848348,0.9584777,0.9835758536894537,0.7702913
155,1,155,0.08108324805895488,0.8824587,-0.05800380309422811,0.79055506,0.9835758536894537,0.8071329
156,1,156,0.07626918082435925,0.85602325,0.0932007630666097,0.8672927,0.9835758536894537,0.80718154
157,1,157,0.07724762211243312,0.8538017,-0.7806441386540731,0.83939236,0.9835758536894537,0.7645137
158,1,158,0.0974743589758873,1.0627903,-0.3761520783106486,1.0914811,0.9835758536894537,0.8088691
159,1,159,0.11196940888961156,1.202012,-0.5189770460128784,1.2250639,0.9835758536894537,0.87119704
160,1,160,0.10961919029553731,1.1559657,-1.2769754727681477,1.1453711,0.9835758536894537,0.8792431
161,1,161,0.07492231577634811,0.8360179,-0.1310213009516398,0.8529138,0.9835758536894537,0.8321294
162,1,162,0.08522569139798482,0.9533887,0.03785069783528646,0.95558006,0.9835758536894537,0.99970835
163,1,163,0.09184566140174866,1.0389668,-0.22947698831558228,1.0371288,0.9835758536894537,0.7915366
164,1,164,0.09319960574309032,1.0557386,-0.8091177145640055,1.0399902,0.9835758536894537,0.88037235
165,1,165,0.08172091841697693,0.9084814,0.050127545992533364,0.94590145,0.9835758536894537,0.8227442
166,1,166,0.07518735155463219,0.8182316,-0.027312596638997395,0.8010641,0.9835758536894537,0.8020447
167,1,167,0.09884520868460338,1.1611955,-0.36614370346069336,1.0316511,0.9835758536894537,0.8482342
168,1,168,0.09477878361940384,1.1486543,-1.2314005891482036,1.0573355,0.9835758536894537,0.7494784
169,1,169,0.1045304536819458,1.178411,-2.580505649248759,1.0527204,0.9835758536894537,0.80721253
170,1,170,0.10287233938773473,1.1472803,-0.8079758882522583,1.0194454,0.9835758536894537,0.7379033
171,1,171,0.08532065898180008,0.9336483,-0.009624799092610678,0.88341755,0.9835758536894537,0.9090565
172,1,172,0.08943872650464375,1.0297858,-0.30845661958058673,0.96754336,0.9835758536894537,0.73680526
173,1,173,0.09664764255285263,1.1558834,-2.366564472516378,1.1370358,0.9835758536894537,0.89502406
174,1,174,0.08752615501483281,0.9701452,-0.013921459515889486,0.9651833,0.9835758536894537,0.9730044
175,1,175,0.07316809333860874,0.82793146,-0.20456433296203613,0.8241403,0.9835758536894537,0.80039763
176,1,176,0.08979784945646922,1.0269324,-0.3937709331512451,1.0131288,0.9835758536894537,0.86407477
177,1,177,0.11561923225720723,1.2633382,-0.7050407528877258,1.284824,0.9835758536894537,0.85810846
178,1,178,0.08183316265543301,0.90770173,-0.8109363913536072,0.8995227,0.9835758536894537,0.85703343
179,1,179,0.1003708466887474,1.1405259,-0.3001738389333089,1.0925343,0.9835758536894537,0.6921422
180,1,180,0.07472220932443936,0.83496445,-0.09072514375050862,0.83615726,0.9835758536894537,0.8188622
181,1,181,0.07738396028677623,0.8741886,-0.14324518044789633,0.88030076,0.9835758536894537,0.64113885
182,1,182,0.11028427133957545,1.1679178,-0.21227522691090903,1.1534071,0.9835758536894537,0.88224834
183,1,183,0.10037402311960857,1.1390752,-0.6001198291778564,1.130685,0.9835758536894537,0.7793374
184,1,184,0.07648075247804324,0.84303254,-0.17197632789611816,0.84308976,0.9835758536894537,0.8007148
185,1,185,0.08448366572459538,0.9354895,-2.2376725673675537,0.84410816,0.9835758536894537,0.6972975
186,1,186,0.11172469705343246,1.2311544,-0.3413331111272176,1.2203549,0.9835758536894537,0.74908465
187,1,187,0.09361813217401505,1.0426173,-0.3326377868652344,1.0488515,0.9835758536894537,0.7056348
188,1,188,0.0745144709944725,0.83975106,0.06250635782877605,0.8613556,0.9835758536894537,0.80387324
189,1,189,0.09371089438597362,1.0519084,-0.3677213986714681,1.0590566,0.9835758536894537,0.84860224
190,1,190,0.1107731635371844,1.1689845,-0.6475716630617777,1.1342028,0.9835758536894537,0.80960494
191,1,191,0.0871921752889951,1.0369784,-0.30912963549296063,1.007593,0.9835758536894537,0.68088406
192,1,192,0.09815101325511932,1.1442971,-0.20263012250264487,1.0678025,0.9835758536894537,0.73353887
193,1,193,0.07800840462247531,0.8913706,-1.2857165336608887,0.95855695,0.9835758536894537,0.81625056
194,1,194,0.07893348236878713,0.8802931,0.001827239990234375,0.9064552,0.9835758536894537,0.9080642
195,1,195,0.09196333090464275,1.0489861,-0.8406611084938049,1.0353414,0.9835758536894537,0.8137886
196,1,196,0.0883565495411555,1.0337973,-0.9748707413673401,0.9699045,0.9835758536894537,0.8335181
197,1,197,0.10942517966032028,1.2316188,-0.6331338683764139,1.2417322,0.9835758536894537,0.8724022
198,1,198,0.08121946702400844,0.91744787,0.019569198290507,0.8224058,0.9835758536894537,0.88081455
199,1,199,0.08233957489331563,0.9054129,0.09098138411839803,0.7823443,0.9835758536894537,1.0129528
200,1,200,0.08815193672974904,1.0698804,-0.39617059628168744,1.0292011,0.9835758536894537,0.8492519
201,2,0,1.0807761351267497,9.51668,-89.16530100504558,1.0592405,0.9835758536894537,0.04360866
202,2,1,1.0683581034342449,9.507548,-122.30385335286458,0.92239946,0.9835758536894537,0.036267687
203,2,2,1.0555927753448486,9.425754,-448.53795115152997,0.7919081,0.9835758536894537,0.026731476
204,2,3,1.0444653034210205,9.243169,-172.94405873616537,0.8416131,0.9835758536894537,0.014200184
205,2,4,1.0327518781026204,9.250758,-135.43494415283203,0.8565779,0.9835758536894537,0.0032791204
206,2,5,1.0216106176376343,8.969359,-126.39448801676433,0.87285215,0.9835758536894537,0.008027413
207,2,6,1.0111477772394817,8.806081,-181.31985982259116,0.785199,0.9835758536894537,0.019054992
208,2,7,1.0000251332918804,8.96301,-86.43296813964844,0.9532744,0.9835758536894537,0.02750959
209,2,8,0.9868903557459513,8.640386,-125.6042251586914,0.8407096,0.9835758536894537,0.03680547
210,2,9,0.9763543407122294,8.823874,-88.52735137939453,0.91432494,0.9835758536894537,0.055321585
211,2,10,0.9642770290374756,8.505622,-68.49595133463542,1.0291511,0.9835758536894537,0.059160355
212,2,11,0.9513046344121298,8.747526,-86.48647562662761,0.9079779,0.9835758536894537,0.08159587
213,2,12,0.9375837842623392,8.363963,-68.91065216064453,1.0796143,0.9835758536894537,0.094237156
214,2,13,0.9233437379201254,7.866358,-92.58718490600586,0.83914536,0.9835758536894537,0.10163188
215,2,14,0.9121602177619934,8.284835,-71.93525822957356,0.9171424,0.9835758536894537,0.1334577
216,2,15,0.8953462640444437,8.026218,-61.91367975870768,1.0490342,0.9835758536894537,0.13525285
217,2,16,0.8864991664886475,8.043298,-61.92251714070638,0.94687635,0.9835758536894537,0.17370392
218,2,17,0.8654039899508158,7.6485496,-94.5070571899414,0.86753947,0.9835758536894537,0.16522457
219,2,18,0.860623300075531,7.908343,-158.29575983683267,0.7815841,0.9835758536894537,0.17605603
220,2,19,0.8401936888694763,7.585169,-60.2398796081543,0.90211535,0.9835758536894537,0.19167314
221,2,20,0.8251426021258036,7.37871,-72.31335322062175,0.80166155,0.9835758536894537,0.2127151
222,2,21,0.8055495023727417,7.1366386,-268.67394129435223,0.7064636,0.9835758536894537,0.18512468
223,2,22,0.7962814172108968,7.109733,-61.682229359944664,0.8492818,0.9835758536894537,0.2259665
224,2,23,0.7752803961435953,6.824066,-117.80654780069987,0.6972073,0.9835758536894537,0.24669121
225,2,24,0.7574111421902975,6.8580723,-48.28636805216471,0.9180916,0.9835758536894537,0.29626736
226,2,25,0.7378152211507162,6.590191,-140.58482106526694,0.71028274,0.9835758536894537,0.28912413
227,2,26,0.7075769305229187,6.272884,-57.212127685546875,0.8324831,0.9835758536894537,0.34404108
228,2,27,0.7021924257278442,6.3628755,-94.02988560994466,0.7961281,0.9835758536894537,0.3461862
229,2,28,0.6753079295158386,6.13487,-62.70542844136556,0.7408398,0.9835758536894537,0.30731723
230,2,29,0.6673055291175842,5.927011,-74.72091547648112,0.78242415,0.9835758536894537,0.3798448
231,2,30,0.6323357820510864,5.5530324,-49.30744298299154,0.8023398,0.9835758536894537,0.39765027
232,2,31,0.6115963459014893,5.5713463,-33.4075133005778,0.88092345,0.9835758536894537,0.3545864
233,2,32,0.5963516235351562,5.4952083,-35.559410095214844,0.87526274,0.9835758536894537,0.48509946
234,2,33,0.5713844895362854,5.2810245,-36.101264317830406,0.81479377,0.9835758536894537,0.39031038
235,2,34,0.5559704303741455,5.095328,-26.018896738688152,0.88085717,0.9835758536894537,0.46169785
236,2,35,0.5172850588957468,4.608402,-34.24964269002279,0.8584756,0.9835758536894537,0.5100865
237,2,36,0.5027815699577332,4.5202966,-22.625067392985027,0.7044401,0.9835758536894537,0.58052444
238,2,37,0.4593409299850464,4.1415997,-17.436354955037434,0.9574873,0.9835758536894537,0.5543361
239,2,38,0.4633302589257558,4.13411,-42.05381361643473,0.71431684,0.9835758536894537,0.5463852
240,2,39,0.4307660758495331,3.861826,-38.1669667561849,0.6638912,0.9835758536894537,0.5705449
241,2,40,0.40972229838371277,3.7806854,-14.481864929199219,0.8501312,0.9835758536894537,0.6529575
242,2,41,0.373337189356486,3.4613483,-15.104599316914877,0.7356903,0.9835758536894537,0.6484442
243,2,42,0.3674950699011485,3.4117525,-11.546042124430338,0.80670315,0.9835758536894537,0.7668459
244,2,43,0.2980129271745682,2.8726099,-8.156466325124105,0.99805015,0.9835758536894537,0.6261189
245,2,44,0.29188374678293866,2.7442172,-17.351453463236492,0.7442534,0.9835758536894537,0.6628616
246,2,45,0.268173615137736,2.6146479,-8.13326629002889,0.97344023,0.9835758536894537,0.70601505
247,2,46,0.25986958543459576,2.4935029,-4.919000784556071,0.8650157,0.9835758536894537,0.89539176
248,2,47,0.20356084406375885,2.0174603,-3.1206305027008057,1.0036458,0.9835758536894537,0.92272764
249,2,48,0.17762170732021332,1.6989412,-4.382357358932495,0.8343397,0.9835758536894537,0.7792159
250,2,49,0.1931432286898295,1.8317426,-11.220270156860352,0.93473196,0.9835758536894537,0.7497694
251,2,50,0.14639122287432352,1.4227756,-3.1850645939509072,0.9502104,0.9835758536894537,0.98317736
252,2,51,0.1331819842259089,1.3409401,-1.1047274271647136,1.0170952,0.9835758536894537,0.9215536
253,2,52,0.1414257436990738,1.4288133,-0.7547756830851237,1.3045908,0.9835758536894537,1.1014132
254,2,53,0.1137636403242747,1.1751066,-0.4596167802810669,1.1218597,0.9835758536894537,0.94139653
255,2,54,0.09782673666874568,1.1661614,-3.95357080300649,1.071085,0.9835758536894537,0.99041295
256,2,55,0.10336465140183766,1.1245469,-0.6000559329986572,1.0558764,0.9835758536894537,1.0351142
257,2,56,0.1249711886048317,1.3507458,-1.2123932838439941,1.3409227,0.9835758536894537,1.0236295
258,2,57,0.1254764422774315,1.377122,-1.514281431833903,1.417531,0.9835758536894537,1.1965066
259,2,58,0.08938191831111908,0.9936528,-3.9475987752278647,0.868263,0.9835758536894537,0.8670638
260,2,59,0.11254547039667766,1.2458321,-0.3462117513020833,1.1689919,0.9835758536894537,1.0959584
261,2,60,0.13061009347438812,1.3596386,-0.4584498405456543,1.3057842,0.9835758536894537,0.9235633
262,2,61,0.08095885068178177,0.8959975,-0.12348043918609619,0.914126,0.9835758536894537,1.06117
263,2,62,0.10788857936859131,1.1430249,-0.9287901322046915,1.1657535,0.9835758536894537,0.92234135
264,2,63,0.12051899482806523,1.2910814,-1.2987180550893147,1.2019078,0.9835758536894537,1.0569731
265,2,64,0.10696571568648021,1.1056951,-0.3626921574274699,1.1001242,0.9835758536894537,1.0886002
266,2,65,0.11362312982479732,1.2542588,-0.5578874349594116,1.255329,0.9835758536894537,1.0346996
267,2,66,0.10209837804238002,1.1067613,-0.2262034018834432,1.075745,0.9835758536894537,1.1176025
268,2,67,0.140616608162721,1.3592182,-0.5367064078648885,1.4422604,0.9835758536894537,1.0717719
269,2,68,0.1056477924187978,1.1215636,-0.28529417514801025,1.1318537,0.9835758536894537,1.1128405
270,2,69,0.09565173834562302,1.1032125,-0.20250473419825235,1.0873333,0.9835758536894537,0.85983276
271,2,70,0.09164643536011378,1.0111246,-0.34255747000376385,1.0344067,0.9835758536894537,1.1473666
272,2,71,0.10515564928452174,1.1981546,-0.28742114702860516,1.1468695,0.9835758536894537,0.98831177
273,2,72,0.0793880062798659,0.8962056,-0.295010248819987,0.8744392,0.9835758536894537,0.9289648
274,2,73,0.09043675909439723,0.9905992,-0.31152955691019696,0.9444938,0.9835758536894537,1.1004735
275,2,74,0.0950313185652097,1.1577932,-1.6782993078231812,1.1413668,0.9835758536894537,0.9608512
276,2,75,0.10279794534047444,1.1716379,-4.306837956110637,1.1037337,0.9835758536894537,1.0305697
277,2,76,0.10864174862702687,1.1596185,-0.7620288928349813,1.1502546,0.9835758536894537,1.1276575
278,2,77,0.09354410817225774,1.1254326,-3.395150581995646,1.1162077,0.9835758536894537,1.0776299
279,2,78,0.09503155450026195,1.1439407,-0.4869866768519084,1.1498982,0.9835758536894537,1.156444
280,2,79,0.10422065109014511,1.1206678,-0.5793110529581705,1.0723854,0.9835758536894537,0.9600758
281,2,80,0.11740075548489888,1.2901084,-0.8347134391466776,1.2425503,0.9835758536894537,1.1463649
282,2,81,0.08580449347694714,0.95194453,-0.4630947907765706,0.9460077,0.9835758536894537,0.9293151
283,2,82,0.10771410912275314,1.1831112,-1.493849237759908,0.9973791,0.9835758536894537,0.9090306
284,2,83,0.10320938875277837,1.1161363,-0.5629862944285074,1.1244011,0.9835758536894537,1.0551691
285,2,84,0.09331875791152318,1.0704232,-0.15464802583058676,1.0650216,0.9835758536894537,1.0551373
286,2,85,0.1116406222184499,1.1927736,-0.7283412218093872,1.2032808,0.9835758536894537,0.98441774
287,2,86,0.10612340023120244,1.2540282,-2.519341786702474,1.2247105,0.9835758536894537,1.0444449
288,2,87,0.08321707199017207,0.93202585,-0.9275649388631185,0.9212819,0.9835758536894537,0.9513249
289,2,88,0.10324344038963318,1.1199173,-0.5726430813471476,1.1495622,0.9835758536894537,0.968932
290,2,89,0.09411221245924632,1.1364845,-0.6268604199091593,1.1020446,0.9835758536894537,1.0380571
291,2,90,0.086198424299558,0.9774091,-2.285976012547811,0.93175507,0.9835758536894537,0.9169025
292,2,91,0.09717465440432231,1.0755014,-0.24047011137008667,1.0752676,0.9835758536894537,0.988372
293,2,92,0.10837502777576447,1.265211,-1.3758783340454102,1.241108,0.9835758536894537,0.9673223
294,2,93,0.10176182289918263,1.1748589,-5.0132936636606855,1.0827082,0.9835758536894537,1.0090165
295,2,94,0.1105249896645546,1.2509651,-0.4391382932662964,1.280356,0.9835758536894537,1.0850886
296,2,95,0.08685768271485965,0.97065043,-0.10187204678853352,0.9471989,0.9835758536894537,1.1115053
297,2,96,0.10043651362260182,1.1617355,-3.538145979245504,1.1573755,0.9835758536894537,1.133068
298,2,97,0.11827261000871658,1.2294239,-0.6116652886072794,1.2229749,0.9835758536894537,1.0537258
299,2,98,0.08447388807932536,0.9126342,-0.23523022731145224,0.9123991,0.9835758536894537,0.9916861
300,2,99,0.09895194818576176,1.0706407,-0.2377182443936666,0.9815626,0.9835758536894537,1.212378
301,2,100,0.08302516862750053,0.9302117,-0.08931088447570801,0.95473117,0.9835758536894537,0.93751556
302,2,101,0.10319854319095612,1.1293849,-0.5809136231740316,1.0747758,0.9835758536894537,1.029387
303,2,102,0.0892944447696209,1.0004468,-1.1590441068013508,0.9994137,0.9835758536894537,0.9736541
304,2,103,0.09255153934160869,1.1135848,-1.2106875975926716,1.0944471,0.9835758536894537,0.9506728
305,2,104,0.13291550427675247,1.3252246,-0.942200223604838,1.2961282,0.9835758536894537,0.95639807
306,2,105,0.09611277778943379,1.1029114,-0.2585762143135071,1.0478133,0.9835758536894537,0.93984175
307,2,106,0.09539378434419632,1.0203048,-4.2574993173281355,0.86361605,0.9835758536894537,0.80360657
308,2,107,0.09744139512379964,1.1584806,-0.8881503740946451,1.087138,0.9835758536894537,0.7871499
309,2,108,0.10624279330174129,1.2157544,-0.7958534558614095,1.1085353,0.9835758536894537,1.1331702
310,2,109,0.08414153630534808,0.93188787,-0.36963454882303876,0.9289942,0.9835758536894537,1.0043644
311,2,110,0.10939894368251164,1.1639458,-0.3318247397740682,1.1700286,0.9835758536894537,1.2261088
312,2,111,0.10594556977351506,1.1697029,-0.37471381823221844,1.1806655,0.9835758536894537,1.0792097
313,2,112,0.08338753879070282,0.9437988,-0.6964072386423746,0.9252615,0.9835758536894537,0.97669387
314,2,113,0.10153047492106755,1.1156784,-0.1987131436665853,1.1379646,0.9835758536894537,1.0391744
315,2,114,0.08804888774951299,0.9656376,-0.10687742630640666,0.9581914,0.9835758536894537,1.1155833
316,2,115,0.09405454993247986,1.1014233,-0.3013218641281128,1.1502136,0.9835758536894537,1.0192045
317,2,116,0.11074458559354146,1.2596248,-2.2227471669514975,1.2175974,0.9835758536894537,1.0658083
318,2,117,0.09561703105767567,1.0606767,-0.18387856086095175,1.0667223,0.9835758536894537,0.870018
319,2,118,0.08922056605418523,0.968147,-2.1334927479426065,0.8152051,0.9835758536894537,0.85852695
320,2,119,0.10277096678813298,1.1177183,-0.4039856990178426,1.1435491,0.9835758536894537,0.92050886
321,2,120,0.09844247748454411,1.1036316,-0.37114934126536053,1.1170807,0.9835758536894537,1.0763912
322,2,121,0.07896175049245358,0.8757534,-0.5393300851186117,0.8591015,0.9835758536894537,0.8847227
323,2,122,0.088397150238355,0.999986,-2.0389750003814697,0.95769906,0.9835758536894537,0.9218567
324,2,123,0.09471151232719421,1.0787123,-0.14419964949289957,1.0637783,0.9835758536894537,0.9217699
325,2,124,0.08582189058264096,0.95916414,-1.0214722156524658,0.9309211,0.9835758536894537,0.97102755
326,2,125,0.08595677092671394,0.95802116,-1.4114549557367961,0.92869765,0.9835758536894537,0.9331278
327,2,126,0.09166029840707779,1.1002251,-1.0278019507726033,1.1083944,0.9835758536894537,0.91431445
328,2,127,0.09913690388202667,1.1465297,-1.1451765298843384,1.053428,0.9835758536894537,1.1149634
329,2,128,0.09379247079292934,1.02012,-3.063091238339742,0.91255707,0.9835758536894537,0.9251806
330,2,129,0.10517202069362004,1.1436849,-0.6312966744105021,1.0247386,0.9835758536894537,1.0704867
331,2,130,0.09470656762520473,1.1226534,-0.4173056681950887,1.0244135,0.9835758536894537,0.88999516
332,2,131,0.0905248795946439,0.9882372,-0.26116353273391724,0.9523783,0.9835758536894537,1.1184816
333,2,132,0.1552028531829516,1.5284424,-4.71340016523997,1.4776778,0.9835758536894537,1.3132061
334,2,133,0.13982468098402023,1.4215568,-0.6234536170959473,1.2997175,0.9835758536894537,1.1377519
335,2,134,0.11315654714902242,1.2290066,-0.35523708661397296,1.1853741,0.9835758536894537,0.7589488
336,2,135,0.0972096895178159,1.137689,-1.852173089981079,1.114059,0.9835758536894537,1.0924515
337,2,136,0.10399729510148366,1.2208327,-2.0178991556167603,1.1690787,0.9835758536894537,0.95108104
338,2,137,0.10603380699952443,1.1748425,-0.3962098757425944,1.1921961,0.9835758536894537,0.9109478
339,2,138,0.07686509502430756,0.857838,-1.9463891585667927,0.8303743,0.9835758536894537,0.8011112
340,2,139,0.08821663012107213,0.9881158,-0.06982556978861491,0.94289374,0.9835758536894537,1.092999
341,2,140,0.078953401496013,0.87771106,-0.029029210408528645,0.8779877,0.9835758536894537,1.0245644
342,2,141,0.10360055168469746,1.2180831,-0.4662274916966756,1.2117563,0.9835758536894537,1.1060504
343,2,142,0.0854071614642938,0.9663314,-0.5301628907521566,0.9405201,0.9835758536894537,0.9991812
344,2,143,0.09363313515981038,1.0722412,-0.14643202225367227,1.0321752,0.9835758536894537,1.0328307
345,2,144,0.08672818914055824,0.9958622,-0.2134396235148112,0.956382,0.9835758536894537,1.1085694
346,2,145,0.09728934864203136,1.0502639,-1.1849853197733562,1.0281905,0.9835758536894537,1.0625992
347,2,146,0.13083048909902573,1.3674585,-2.161759614944458,1.3983574,0.9835758536894537,1.2134032
348,2,147,0.10607665777206421,1.2333971,-2.5470215876897178,1.171794,0.9835758536894537,1.0909595
349,2,148,0.110475555062294,1.2456863,-0.3609849214553833,1.2258085,0.9835758536894537,1.1672016
350,2,149,0.08040863275527954,0.88409656,-0.6606789827346802,0.89192873,0.9835758536894537,0.89662915
351,2,150,0.1279111752907435,1.2965109,-0.6392358740170797,1.2971998,0.9835758536894537,1.0395466
352,2,151,0.10563218593597412,1.2469172,-2.139563779036204,1.1554137,0.9835758536894537,0.93410414
353,2,152,0.14261226107676825,1.3813701,-1.4422690471013386,1.3029203,0.9835758536894537,1.122304
354,2,153,0.09286746382713318,1.0493673,-1.611868182818095,0.93302137,0.9835758536894537,0.99622005
355,2,154,0.10692582527796428,1.20965,-0.6211873292922974,1.1365744,0.9835758536894537,1.1066456
356,2,155,0.09067501376072566,1.0170544,-0.17264346281687418,0.93847156,0.9835758536894537,1.1111878
357,2,156,0.08994677662849426,1.0785123,-0.38148502508799237,1.0450519,0.9835758536894537,1.0153546
358,2,157,0.10422539959351222,1.1117753,-0.41420777638753253,1.1258597,0.9835758536894537,0.8343587
359,2,158,0.09312957773605983,1.0664731,-0.4429901639620463,1.017038,0.9835758536894537,0.96677494
360,2,159,0.12337584793567657,1.3011142,-0.43095171451568604,1.2968689,0.9835758536894537,0.86817616
361,2,160,0.11181270082791646,1.2787566,-0.5517069498697916,1.3068142,0.9835758536894537,1.1459336
362,2,161,0.07911955192685127,0.8886407,-0.22288225094477335,0.89481884,0.9835758536894537,0.9443653
363,2,162,0.11291563262542088,1.2845075,-5.574731727441152,1.2847209,0.9835758536894537,1.1308967
364,2,163,0.10955179731051128,1.1572927,-0.7346647580464681,1.1720674,0.9835758536894537,0.9860062
365,2,164,0.098134050766627,1.1255988,-0.7349680662155151,1.1044606,0.9835758536894537,0.96198344
366,2,165,0.09335785359144211,1.141069,-10.886677662531534,1.1067861,0.9835758536894537,1.0408428
367,2,166,0.07654953685899575,0.86159486,0.0373841126759847,0.87531465,0.9835758536894537,1.0569142
368,2,167,0.12815740207831064,1.3656238,-2.968188683191935,1.3579661,0.9835758536894537,1.2413545
369,2,168,0.0913753757874171,0.99623364,-1.9853484233220418,1.026513,0.9835758536894537,0.97081953
370,2,169,0.10078628609577815,1.1509644,-0.6442927122116089,1.0338248,0.9835758536894537,1.144774
371,2,170,0.0815494917333126,0.9051144,-0.07029696305592854,0.8014528,0.9835758536894537,1.0748242
372,2,171,0.12089595446983974,1.3274025,-1.46169908841451,1.3652601,0.9835758536894537,1.0909749
373,2,172,0.1097007691860199,1.1764456,-0.43939997752507526,1.2163033,0.9835758536894537,1.0654297
374,2,173,0.10775453845659892,1.2522699,-0.44243331750233966,1.2036384,0.9835758536894537,1.1313308
375,2,174,0.08097075919310252,0.90210587,-0.19607587655385336,0.9033088,0.9835758536894537,1.1669562
376,2,175,0.10959005107482274,1.2164751,-0.599847674369812,1.1984475,0.9835758536894537,0.9597222
377,2,176,0.10799583792686462,1.2237968,-1.3998479843139648,1.1827613,0.9835758536894537,1.0706993
378,2,177,0.10943212608496349,1.2333907,-0.3472280104955037,1.2656283,0.9835758536894537,1.1499768
379,2,178,0.1172646035750707,1.2315598,-0.6987504561742147,1.224254,0.9835758536894537,0.86731046
380,2,179,0.10114197432994843,1.1405002,-0.24344317118326822,0.9507232,0.9835758536894537,1.0172406
381,2,180,0.10867474973201752,1.2256263,-0.832804004351298,1.2321643,0.9835758536894537,0.95218277
382,2,181,0.12974465638399124,1.3760291,-0.7324332793553671,1.3414292,0.9835758536894537,1.1090328
383,2,182,0.09175069133440654,1.0134478,-1.750629226366679,0.97295517,0.9835758536894537,0.98008275
384,2,183,0.10342062264680862,1.1767112,-1.8189547459284465,1.0816221,0.9835758536894537,1.0563806
385,2,184,0.10929279029369354,1.2063507,-0.3520776033401489,1.183493,0.9835758536894537,1.0411252
386,2,185,0.08507663756608963,0.9398616,-0.29203879833221436,0.95230556,0.9835758536894537,1.0370249
387,2,186,0.1201773112018903,1.3163584,-3.8685227235158286,1.1385831,0.9835758536894537,1.0860599
388,2,187,0.08548578868309657,0.9428703,-0.04859238862991333,0.99396425,0.9835758536894537,1.1635957
389,2,188,0.09491199254989624,1.1291937,-0.6146214405695597,1.1072342,0.9835758536894537,0.9850042
390,2,189,0.0870271051923434,0.9747761,-2.728529930114746,0.9001579,0.9835758536894537,0.83763766
391,2,190,0.11217222611109416,1.2235705,-1.1244890491167705,1.1965235,0.9835758536894537,0.9472609
392,2,191,0.13599353780349097,1.4051028,-0.5825976133346558,1.2257942,0.9835758536894537,1.018766
393,2,192,0.0825768547753493,0.9265685,-0.2672695318857829,0.9303871,0.9835758536894537,1.0119516
394,2,193,0.08791014800469081,0.9541783,-0.5025579134623209,0.97335726,0.9835758536894537,0.98341626
395,2,194,0.08368908613920212,0.9236844,-0.2987697919209798,0.922659,0.9835758536894537,1.0035483
396,2,195,0.08332112679878871,0.9209771,-0.0470433235168457,0.86201936,0.9835758536894537,1.0728363
397,2,196,0.11405915766954422,1.2397671,-1.487463394800822,1.260929,0.9835758536894537,1.1002669
398,2,197,0.1104074368874232,1.2850862,-5.327037652333577,1.26731,0.9835758536894537,1.1713177
399,2,198,0.08012230073412259,0.89153713,-0.965622623761495,0.8743405,0.9835758536894537,0.86991644
400,2,199,0.08407602210839589,0.93661684,-0.09616351127624512,0.970552,0.9835758536894537,1.1512817
401,2,200,0.12028197695811589,1.3053497,-1.0262802839279175,1.3075386,0.9835758536894537,1.1639131
402,3,0,1.33034614721934,11.867139,-146.7187271118164,1.3136611,0.9835758536894537,0.4016087
403,3,1,1.3009682496388753,11.616214,-188.7182871500651,1.0596308,0.9835758536894537,0.3349172
404,3,2,1.2953993479410808,11.669597,-155.63448333740234,1.2211882,0.9835758536894537,0.3960661
405,3,3,1.2739218473434448,11.120904,-179.11571248372397,0.9488072,0.9835758536894537,0.31576332
406,3,4,1.2680377960205078,11.268788,-128.67076365152994,1.2247975,0.9835758536894537,0.3408958
407,3,5,1.2448607683181763,10.991227,-467.58704884847003,0.9494,0.9835758536894537,0.2761852
408,3,6,1.2300447225570679,11.293593,-122.96877797444661,1.3065424,0.9835758536894537,0.32577762
409,3,7,1.2240070899327595,10.913859,-108.21966298421223,1.264494,0.9835758536894537,0.3000619
410,3,8,1.2014264265696208,10.631143,-267.12516530354816,0.8949235,0.9835758536894537,0.23002608
411,3,9,1.1939005454381306,10.710738,-234.82565307617188,0.93586737,0.9835758536894537,0.19997983
412,3,10,1.177112340927124,10.531535,-128.83769989013672,1.0538434,0.9835758536894537,0.22690113
413,3,11,1.1658999919891357,10.42187,-113.44586690266927,1.1651798,0.9835758536894537,0.18470268
414,3,12,1.1537481943766277,10.50818,-151.11763763427734,1.0110301,0.9835758536894537,0.20714922
415,3,13,1.1475103696187336,10.11115,-478.4269510904948,0.82118374,0.9835758536894537,0.14187083
416,3,14,1.1269055604934692,10.277664,-103.56812795003255,1.169726,0.9835758536894537,0.15604955
417,3,15,1.1029937267303467,10.039136,-105.0563252766927,1.0266342,0.9835758536894537,0.101322114
418,3,16,1.0754452149073284,9.74709,-175.3913370768229,0.8664958,0.9835758536894537,0.07476452
419,3,17,1.0497382481892903,9.356538,-93.59707641601562,0.9731218,0.9835758536894537,0.07430376
420,3,18,1.0217952330907185,8.908106,-152.25437672932944,0.83865714,0.9835758536894537,0.054960284
421,3,19,0.9915617903073629,9.01525,-139.83478037516275,0.83489877,0.9835758536894537,0.064873986
422,3,20,0.9572144548098246,8.647209,-77.65334065755208,0.9154196,0.9835758536894537,0.13307121
423,3,21,0.9240939418474833,8.31411,-132.31378682454428,0.81399995,0.9835758536894537,0.1067775
424,3,22,0.8793849945068359,7.66871,-61.98406728108724,0.9602216,0.9835758536894537,0.14976084
425,3,23,0.8424453934033712,7.773643,-68.1203842163086,0.8884073,0.9835758536894537,0.2504998
426,3,24,0.8052168687184652,7.160717,-60.96868006388346,0.86585116,0.9835758536894537,0.24254851
427,3,25,0.7564347783724467,6.729568,-151.03665415445963,0.7034562,0.9835758536894537,0.26766065
428,3,26,0.7007539868354797,6.23249,-37.2651735941569,1.0355382,0.9835758536894537,0.3292973
429,3,27,0.6499001781145731,5.769854,-50.42870966593424,0.86898255,0.9835758536894537,0.4271185
430,3,28,0.6119668086369833,5.5066795,-48.01155090332031,0.8630862,0.9835758536894537,0.556539
431,3,29,0.5228623151779175,4.6592736,-23.536884625752766,0.9621501,0.9835758536894537,0.5369334
432,3,30,0.49183740218480426,4.3465576,-67.28643035888672,0.858401,0.9835758536894537,0.59804434
433,3,31,0.4308925271034241,3.8929195,-48.65194161732992,0.6801266,0.9835758536894537,0.6411148
434,3,32,0.35775694251060486,3.2909117,-12.610774040222168,0.7211903,0.9835758536894537,0.85910064
435,3,33,0.2754710117975871,2.6917255,-6.202934821446736,0.9869767,0.9835758536894537,0.81773806
436,3,34,0.23792887727419534,2.3402722,-4.717204729715983,1.1679443,0.9835758536894537,1.1626288
437,3,35,0.1677861213684082,1.6125474,-4.08220648765564,0.8483381,0.9835758536894537,0.9279046
438,3,36,0.1484599163134893,1.4926275,-1.576913555463155,1.3736473,0.9835758536894537,1.2420274
439,3,37,0.08939466625452042,1.0069813,-0.2173874775568644,1.021716,0.9835758536894537,1.2665778
440,3,38,0.115546981493632,1.3109288,-0.8307825326919556,1.2090355,0.9835758536894537,1.4576197
441,3,39,0.12323793272177379,1.390814,-4.578662077585856,1.267567,0.9835758536894537,1.2719736
442,3,40,0.15448797990878424,1.5721511,-1.2856049537658691,1.444603,0.9835758536894537,1.2339841
443,3,41,0.12667282670736313,1.4647555,-1.765004316965739,1.3785257,0.9835758536894537,1.5308061
444,3,42,0.12258784969647725,1.3380088,-1.340556303660075,1.2626048,0.9835758536894537,1.4791726
445,3,43,0.099454199274381,1.0998399,-0.8763298988342285,1.0354017,0.9835758536894537,1.1257023
446,3,44,0.10058716436227162,1.1806031,-0.5462852915128072,1.2176286,0.9835758536894537,1.2215575
447,3,45,0.10312418391307195,1.1127678,-0.95555579662323,1.0064911,0.9835758536894537,1.1618944
448,3,46,0.12013075749079387,1.3395629,-8.443933884302774,1.3591126,0.9835758536894537,1.2714405
449,3,47,0.13592455039421716,1.3357698,-0.4992583791414897,1.2988282,0.9835758536894537,1.1973257
450,3,48,0.1379173199335734,1.3654122,-1.0140182574590046,1.3591038,0.9835758536894537,1.107272
451,3,49,0.09383222709099452,1.0500394,-0.3113415638605754,1.0786884,0.9835758536894537,1.2351342
452,3,50,0.09092767412463824,1.0142473,-0.38168783982594806,1.007677,0.9835758536894537,1.0720664
453,3,51,0.12369389335314433,1.3937856,-3.588274121284485,1.1290607,0.9835758536894537,1.1023782
454,3,52,0.09414390971263249,1.0658997,-0.6307938098907471,1.0161314,0.9835758536894537,1.1210773
455,3,53,0.12514192114273706,1.3712631,-0.728209654490153,1.3591284,0.9835758536894537,1.4641231
456,3,54,0.12528983503580093,1.407651,-0.8611810207366943,1.431605,0.9835758536894537,1.4187704
457,3,55,0.10919825981060664,1.2709757,-0.9157203038533529,1.3323544,0.9835758536894537,1.424456
458,3,56,0.10515291492144267,1.1445214,-0.954548716545105,1.1803056,0.9835758536894537,1.2909344
459,3,57,0.09088280548652013,1.0677563,-2.795263965924581,1.0936167,0.9835758536894537,1.1059273
460,3,58,0.13905390352010727,1.4475368,-1.2417240937550862,1.439927,0.9835758536894537,1.2884539
461,3,59,0.11906194190184276,1.237933,-1.3697078625361125,0.978359,0.9835758536894537,1.1265866
462,3,60,0.11137291540702184,1.2678456,-0.5755296945571899,1.0882571,0.9835758536894537,1.3570844
463,3,61,0.1713441014289856,1.6147443,-1.9895741144816081,1.0338216,0.9835758536894537,0.86601144
464,3,62,0.1223658670981725,1.3278589,-1.1576379537582397,1.270017,0.9835758536894537,1.1572584
465,3,63,0.1016807531317075,1.1384499,-1.2133353153864543,1.1796187,0.9835758536894537,1.2831353
466,3,64,0.11537579198678334,1.2798659,-0.5700391530990601,1.3194456,0.9835758536894537,1.1741605
467,3,65,0.10270558049281438,1.1857334,-0.4537367026011149,1.0687226,0.9835758536894537,1.0938957
468,3,66,0.0930766686797142,1.0415527,-2.9848584731419883,0.9845883,0.9835758536894537,1.0389183
469,3,67,0.10882726560036342,1.1900934,-1.4617956082026164,1.2144288,0.9835758536894537,1.3656607
470,3,68,0.12534813086191812,1.2990208,-0.5581690470377604,1.3194429,0.9835758536894537,1.2892832
471,3,69,0.09654681136210759,1.0865138,-18.595526258150738,1.0740007,0.9835758536894537,1.0641738
472,3,70,0.10704810172319412,1.1538435,-0.44201703866322833,1.0290943,0.9835758536894537,1.015555
473,3,71,0.12479880452156067,1.3310407,-0.47487205266952515,1.2906246,0.9835758536894537,1.3036013
474,3,72,0.12868685026963553,1.3624853,-0.5557812054951986,1.0844126,0.9835758536894537,1.2271061
475,3,73,0.11530334999163945,1.2796937,-0.5979120333989462,1.1716574,0.9835758536894537,1.1998329
476,3,74,0.09762281676133473,1.0669558,-0.5700456698735555,1.0358515,0.9835758536894537,1.0300304
477,3,75,0.1375944862763087,1.4294592,-1.2439817984898884,1.4209642,0.9835758536894537,1.2043535
478,3,76,0.12349574516216914,1.3543879,-5.006250301996867,1.358201,0.9835758536894537,1.3210697
479,3,77,0.11723566303650539,1.2967099,-0.7363744974136353,1.2749757,0.9835758536894537,1.1478611
480,3,78,0.10272916903098424,1.2382144,-0.915548841158549,1.2015868,0.9835758536894537,1.1599203
481,3,79,0.10120356579621632,1.140838,-1.2490512530008953,1.1542196,0.9835758536894537,1.2902153
482,3,80,0.14969148735205332,1.4799455,-1.1118441422780354,1.3981442,0.9835758536894537,1.2533554
483,3,81,0.09824722011884053,1.0745867,-0.8143341143925985,0.9482491,0.9835758536894537,1.0015134
484,3,82,0.08386357811590035,0.9246692,-0.1950696905454,0.9317517,0.9835758536894537,1.0867574
485,3,83,0.0904446579515934,1.0045366,-0.4495875835418701,1.0033134,0.9835758536894537,1.1481208
486,3,84,0.10585305591424306,1.1756418,-0.5965890884399414,1.10605,0.9835758536894537,1.123907
487,3,85,0.15815978745619455,1.5534725,-6.637275020281474,1.2229962,0.9835758536894537,1.167003
488,3,86,0.0995560884475708,1.1523887,-0.6220971345901489,1.2042483,0.9835758536894537,1.3361801
489,3,87,0.10993432253599167,1.2070376,-2.3224533001581826,1.0327944,0.9835758536894537,1.1525072
490,3,88,0.12155718604723613,1.3281552,-1.6282241344451904,1.2983989,0.9835758536894537,1.1562438
491,3,89,0.0868947555621465,0.9711477,-0.4635050694147746,0.94562835,0.9835758536894537,1.0655539
492,3,90,0.11505049218734105,1.2935405,-1.712713082631429,1.1132019,0.9835758536894537,1.1234136
493,3,91,0.09630022943019867,1.0582995,-1.1064194043477376,0.98931104,0.9835758536894537,1.0696222
494,3,92,0.13826141754786173,1.3869987,-0.9497621854146322,1.295888,0.9835758536894537,1.104581
495,3,93,0.0873647357026736,0.97649425,-0.2943481206893921,1.0243037,0.9835758536894537,1.0117246
496,3,94,0.10798833270867665,1.2142707,-1.1642897923787434,1.2407047,0.9835758536894537,1.334919
497,3,95,0.1103162666161855,1.2056581,-0.636432925860087,1.0097519,0.9835758536894537,1.0304253
498,3,96,0.11450482408205669,1.2857627,-0.4170486330986023,1.2395997,0.9835758536894537,1.154121
499,3,97,0.08835694938898087,0.9734714,-0.44439125061035156,0.9185013,0.9835758536894537,1.0205197
500,3,98,0.09176727632681529,1.0434128,-0.8232280413309733,1.0832101,0.9835758536894537,1.0322316
501,3,99,0.1112498293320338,1.2878053,-0.4773282806078593,1.2265731,0.9835758536894537,1.1379875
502,3,100,0.09274331231911977,1.0366566,-7.141589045524597,0.9485421,0.9835758536894537,0.9564094
503,3,101,0.10102568318446477,1.1484172,-0.4570661385854085,1.0949496,0.9835758536894537,1.0853866
504,3,102,0.12147995084524155,1.3460985,-5.888925671577454,1.2908703,0.9835758536894537,1.3133677
505,3,103,0.1145910769701004,1.2664301,-4.317400932312012,1.0553458,0.9835758536894537,0.97393435
506,3,104,0.08108735084533691,0.9288111,-0.24743545055389404,0.9338589,0.9835758536894537,1.0904881
507,3,105,0.10953343907992046,1.2633377,-6.965162833531697,1.244699,0.9835758536894537,1.2732894
508,3,106,0.11080848673979442,1.1847414,-1.0304830471674602,1.1870036,0.9835758536894537,1.1070787
509,3,107,0.09938186158736546,1.0802814,-2.0497175455093384,1.0399876,0.9835758536894537,1.1117837
510,3,108,0.11506778001785278,1.304942,-0.8061615626017252,1.1402978,0.9835758536894537,1.2113916
511,3,109,0.10856985797484715,1.1582882,-0.532930850982666,1.147473,0.9835758536894537,1.171996
512,3,110,0.09707660228013992,1.1225034,-0.5497322082519531,1.165145,0.9835758536894537,1.0930258
513,3,111,0.09714217235644658,1.1077453,-0.37335171302159625,1.0378374,0.9835758536894537,1.2243053
514,3,112,0.0940523420770963,1.0793236,-2.3105411529541016,1.0413184,0.9835758536894537,1.062313
515,3,113,0.10490109274784724,1.106479,-0.9112840493520101,0.9284856,0.9835758536894537,1.0363699
516,3,114,0.08453790098428726,0.93993944,-0.41617250442504883,0.94824475,0.9835758536894537,1.027876
517,3,115,0.11450142413377762,1.310759,-2.9239531755447388,1.2165984,0.9835758536894537,1.1629776
518,3,116,0.11610926936070125,1.344396,-2.8258246580759683,1.3288124,0.9835758536894537,1.3047194
519,3,117,0.1056516245007515,1.2603036,-2.4598782062530518,1.2526759,0.9835758536894537,1.1402566
520,3,118,0.1340340996781985,1.3346337,-0.7494316498438517,1.2525438,0.9835758536894537,1.0603224
521,3,119,0.09889024496078491,1.1381799,-1.1200572649637859,1.0785098,0.9835758536894537,1.1852474
522,3,120,0.12217083324988683,1.3427542,-1.417183558146159,1.0459263,0.9835758536894537,0.9685622
523,3,121,0.10284151881933212,1.229365,-1.4119868278503418,1.2058625,0.9835758536894537,1.2729326
524,3,122,0.10618256280819575,1.1754464,-0.6364002227783203,1.192022,0.9835758536894537,1.1192397
525,3,123,0.10530630499124527,1.1519529,-0.8228547970453898,1.1097347,0.9835758536894537,1.3453223
526,3,124,0.14107598861058554,1.4237022,-0.6940617561340332,1.0344043,0.9835758536894537,1.051324
527,3,125,0.10216241578261058,1.1630362,-0.3386792143185933,1.0549359,0.9835758536894537,1.0949595
528,3,126,0.1091298758983612,1.2815108,-1.332136869430542,1.228221,0.9835758536894537,1.1514828
529,3,127,0.10630539307991664,1.2378861,-0.7801736990610758,1.0963621,0.9835758536894537,1.0657824
530,3,128,0.1206346998612086,1.2874883,-0.9647780259450277,1.2555918,0.9835758536894537,1.1365069
531,3,129,0.10613828649123509,1.2322937,-0.6864824295043945,1.2004317,0.9835758536894537,1.2653526
532,3,130,0.09040844937165578,1.0234847,-0.2283944090207418,1.0757661,0.9835758536894537,1.2920741
533,3,131,0.09030650928616524,0.9851517,-0.6336546341578165,0.9504056,0.9835758536894537,1.045462
534,3,132,0.09801290680964787,1.1305865,-0.42021356026331586,1.1515723,0.9835758536894537,0.9958586
535,3,133,0.09941622118155162,1.1497242,-4.03087850411733,1.1307983,0.9835758536894537,1.2234293
536,3,134,0.10660843302806218,1.176014,-1.1912251313527424,1.1796972,0.9835758536894537,1.1571672
537,3,135,0.08442719280719757,0.94598514,-0.1954261064529419,0.9801331,0.9835758536894537,1.2128489
538,3,136,0.09120885034402211,1.1052338,-0.36082565784454346,1.1451055,0.9835758536894537,0.9809397
539,3,137,0.08813085903724034,1.0265319,-1.464588721593221,1.0039753,0.9835758536894537,1.0704756
540,3,138,0.08624075228969257,0.9658765,-0.5368945201237997,0.9582382,0.9835758536894537,1.0154718
541,3,139,0.10206046948830287,1.2243851,-1.8944680293401082,1.1349721,0.9835758536894537,1.1439869
542,3,140,0.09027596563100815,1.1014808,-1.2528227965037029,1.1015376,0.9835758536894537,0.9497339
543,3,141,0.10198307037353516,1.1107303,-0.3649529616038005,1.0571101,0.9835758536894537,1.0752655
544,3,142,0.08368211860458057,0.9311085,-0.40460526943206787,0.93143564,0.9835758536894537,1.0195948
545,3,143,0.107285571595033,1.1705643,-0.49327154954274494,1.1912073,0.9835758536894537,1.1017641
546,3,144,0.10048097868760426,1.1211038,-1.0805875857671101,1.0911885,0.9835758536894537,1.0390811
547,3,145,0.10170534749825795,1.1190355,-2.305020729700724,1.0005683,0.9835758536894537,1.036754
548,3,146,0.09982081751028697,1.1757044,-0.5594339370727539,1.1876568,0.9835758536894537,1.1075238
549,3,147,0.10481412212053935,1.1502846,-2.061015486717224,1.0272471,0.9835758536894537,1.1364826
550,3,148,0.08330349437892437,0.92862296,-0.9918411572774252,0.9237109,0.9835758536894537,0.9471438
551,3,149,0.09608767678340276,1.1814798,-8.816970030466715,1.1474873,0.9835758536894537,1.0707356
552,3,150,0.10156084845463435,1.1309808,-1.6787431637446086,1.1905581,0.9835758536894537,1.2202028
553,3,151,0.08739284425973892,1.0045604,-1.9971832036972046,0.9946477,0.9835758536894537,0.9964948
554,3,152,0.08133900165557861,0.91679066,-0.1666802167892456,0.94592434,0.9835758536894537,1.0816133
555,3,153,0.11090305944283803,1.223492,-5.843990246454875,1.0903081,0.9835758536894537,1.127627
556,3,154,0.10624488691488902,1.1725416,-0.5200916528701782,1.0736947,0.9835758536894537,1.1166263
557,3,155,0.09846436977386475,1.1363987,-0.31959935029347736,1.0771942,0.9835758536894537,1.0696496
558,3,156,0.09803301841020584,1.0695407,-0.2426591714223226,1.0695215,0.9835758536894537,1.3512207
559,3,157,0.09611347566048305,1.0878903,-0.3441501061121623,1.1164452,0.9835758536894537,0.979037
560,3,158,0.09246919800837834,1.0618916,-1.3064162731170654,1.0608965,0.9835758536894537,1.0437216
561,3,159,0.09962375213702519,1.1115743,-0.23529839515686035,1.1125151,0.9835758536894537,1.1776675
562,3,160,0.16038753588994345,1.5074406,-2.1583317120869956,1.4777975,0.9835758536894537,1.3329992
563,3,161,0.10549367715915044,1.1302395,-0.4855455954869588,1.0906206,0.9835758536894537,1.278257
564,3,162,0.08716094121336937,0.99804527,-0.22493402163187662,0.9508555,0.9835758536894537,1.037651
565,3,163,0.08914318929115932,1.0228549,-0.3224612275759379,0.9965045,0.9835758536894537,1.2381028
566,3,164,0.08362332358956337,0.97530836,-0.256830890973409,0.981384,0.9835758536894537,1.1750858
567,3,165,0.11293191959460576,1.3075941,-0.6049165725708008,1.2630653,0.9835758536894537,1.1002784
568,3,166,0.12147580583890279,1.2821795,-0.4179079532623291,1.130809,0.9835758536894537,1.2113187
569,3,167,0.11306998630364735,1.2617413,-1.7551129659016926,1.2467188,0.9835758536894537,1.0887362
570,3,168,0.1015864113966624,1.1126672,-0.31616387764612836,0.9443353,0.9835758536894537,1.1237955
571,3,169,0.09842717895905177,1.0750201,-0.9818582932154337,1.0251664,0.9835758536894537,1.0920806
572,3,170,0.1005518486102422,1.1148349,-1.4097907145818074,1.0180901,0.9835758536894537,1.0106984
573,3,171,0.08814577634135883,0.99036556,-0.14841143290201822,1.015032,0.9835758536894537,1.1900433
574,3,172,0.1179363379875819,1.3396155,-0.582206924756368,1.3617172,0.9835758536894537,1.1232346
575,3,173,0.10390827308098476,1.1397723,-1.9675449132919312,1.1194773,0.9835758536894537,1.1337012
576,3,174,0.08630117649833362,1.0152315,-0.363037367661794,0.98110723,0.9835758536894537,1.1939782
577,3,175,0.1281401440501213,1.3142337,-1.0381675561269124,1.1975781,0.9835758536894537,1.01465
578,3,176,0.09666212399800618,1.1034881,-1.8220688899358113,1.0685929,0.9835758536894537,1.1633567
579,3,177,0.08371507128079732,0.95235443,-0.16112359364827475,0.9460079,0.9835758536894537,1.0362988
580,3,178,0.1070522740483284,1.1433519,-1.4489243825276692,1.1324706,0.9835758536894537,1.2602974
581,3,179,0.09791020303964615,1.1501656,-0.3413587013880412,1.0639598,0.9835758536894537,1.0287524
582,3,180,0.09827038894097011,1.055688,-1.1233404874801636,0.8894379,0.9835758536894537,0.84744745
583,3,181,0.0931775892774264,1.0424944,-0.27670220534006756,0.9994712,0.9835758536894537,1.2486134
584,3,182,0.11157167206207912,1.2963859,-1.6070739030838013,1.0864453,0.9835758536894537,1.0705585
585,3,183,0.09033677726984024,1.0136529,-3.5209843715031943,1.0235957,0.9835758536894537,1.0166678
586,3,184,0.11608140418926875,1.3323873,-2.59099018573761,1.220486,0.9835758536894537,0.9706149
587,3,185,0.1164826899766922,1.2434644,-0.41236913204193115,1.3016607,0.9835758536894537,1.1337706
588,3,186,0.09145063906908035,1.0150524,-0.19915876785914102,0.90943414,0.9835758536894537,1.2870595
589,3,187,0.10978643347819646,1.243331,-0.9137920141220093,1.2362939,0.9835758536894537,1.0052581
590,3,188,0.11603463689486186,1.26573,-0.3995100259780884,1.1667085,0.9835758536894537,1.036778
591,3,189,0.09672614683707555,1.0833298,-0.1957199970881144,1.0886775,0.9835758536894537,1.0459636
592,3,190,0.1205729494492213,1.2937335,-0.6611965099970499,1.2432209,0.9835758536894537,0.9767247
593,3,191,0.12219297140836716,1.2413796,-1.3661246697107952,1.2435125,0.9835758536894537,1.0329295
594,3,192,0.12194600701332092,1.2610881,-0.3741118311882019,1.275541,0.9835758536894537,0.9309203
595,3,193,0.08200886659324169,0.9640524,-0.43223361174265545,0.954398,0.9835758536894537,0.8378212
596,3,194,0.09193441768487294,1.0308696,-0.8941034475962321,0.93834585,0.9835758536894537,0.96721435
597,3,195,0.09937293827533722,1.1455876,-1.023532787958781,1.2084461,0.9835758536894537,1.1943377
598,3,196,0.08789392684896787,0.9746445,-0.5935861269632975,0.9727855,0.9835758536894537,1.0177156
599,3,197,0.09143246710300446,1.0132838,-0.8320967753728231,1.0218619,0.9835758536894537,1.1035957
600,3,198,0.09470474223295848,1.1095499,-0.4444779356320699,1.1187829,0.9835758536894537,1.2015377
601,3,199,0.15193148950735727,1.5070795,-2.860882600148519,1.0864259,0.9835758536894537,1.0049471
602,3,200,0.09483699997266133,1.1834368,-56.27551297346751,1.1921095,0.9835758536894537,1.1271012
603,4,0,1.1409900983174641,10.041584,-227.42986806233725,0.9031752,0.9835758536894537,0.13875283
604,4,1,1.126128117243449,10.031,-124.98993174235027,0.9920642,0.9835758536894537,0.12207445
605,4,2,1.1192270517349243,10.226499,-109.49394226074219,1.0590094,0.9835758536894537,0.12261256
606,4,3,1.1130155324935913,9.815625,-185.41821797688803,0.8681364,0.9835758536894537,0.09920185
607,4,4,1.1012129386266072,9.773164,-91.54194259643555,1.138106,0.9835758536894537,0.0965007
608,4,5,1.088223934173584,9.752351,-121.99146016438802,0.94518447,0.9835758536894537,0.081317805
609,4,6,1.0839229822158813,9.602632,-107.55792999267578,0.9492788,0.9835758536894537,0.080921404
610,4,7,1.0756170352300007,9.523052,-195.27349344889322,0.8799768,0.9835758536894537,0.07050041
611,4,8,1.0677405993143718,9.306997,-169.89268493652344,0.87227726,0.9835758536894537,0.066112645
612,4,9,1.062120834986369,9.448838,-250.3974838256836,0.8209839,0.9835758536894537,0.053336646
613,4,10,1.0574109156926472,9.19037,-96.24598439534505,1.006683,0.9835758536894537,0.04935569
614,4,11,1.0501028696695964,9.358505,-83.93740971883138,1.1748637,0.9835758536894537,0.05531779
615,4,12,1.0457563797632854,9.249856,-202.14838155110678,0.84967107,0.9835758536894537,0.043186154
616,4,13,1.0415150721867878,8.9983635,-221.2727839152018,0.78773564,0.9835758536894537,0.037757117
617,4,14,1.0377873182296753,9.087635,-120.05818176269531,0.8987773,0.9835758536894537,0.032578554
618,4,15,1.0322189728418987,9.230355,-126.93443044026692,0.88758165,0.9835758536894537,0.029710049
619,4,16,1.0293006499608357,9.214026,-79.21851857503255,1.061368,0.9835758536894537,0.028934224
620,4,17,1.0257185300191243,9.015997,-79.96787389119466,1.0719556,0.9835758536894537,0.024626503
621,4,18,1.0223005215326946,9.127819,-78.77776209513347,1.1585624,0.9835758536894537,0.024332887
622,4,19,1.0187961260477703,8.898446,-109.58428955078125,0.8949492,0.9835758536894537,0.016534803
623,4,20,1.0163819789886475,8.776955,-84.02774175008138,0.9967968,0.9835758536894537,0.012786425
624,4,21,1.0128483772277832,9.024692,-76.07203801472981,1.0765406,0.9835758536894537,0.015633872
625,4,22,1.0100964705149333,8.801314,-80.9025370279948,1.0146366,0.9835758536894537,0.009765943
626,4,23,1.0070719321568806,8.681016,-98.54173787434895,0.90404636,0.9835758536894537,0.00721729
627,4,24,1.0044024387995403,9.092985,-100.2411880493164,0.97490764,0.9835758536894537,0.0054063085
628,4,25,1.0016798973083496,8.72814,-112.27858988444011,0.8670957,0.9835758536894537,0.0038209269
629,4,26,0.999123215675354,8.948548,-73.57868194580078,1.0701252,0.9835758536894537,0.0015829556
630,4,27,0.9963451623916626,8.635399,-111.74093373616536,0.8497734,0.9835758536894537,0.0008345698
631,4,28,0.9938531319300333,8.875965,-82.78673680623372,1.0328232,0.9835758536894537,0.002796919
632,4,29,0.9911351005236307,8.695985,-99.87782033284505,0.9129409,0.9835758536894537,0.0047888183
633,4,30,0.9889177282651266,9.053425,-84.92961120605469,1.0043101,0.9835758536894537,0.008857
634,4,31,0.9854565262794495,8.708601,-94.18049240112305,0.94373053,0.9835758536894537,0.008511071
635,4,32,0.9831326405207316,8.999473,-107.32302856445312,0.89345366,0.9835758536894537,0.011932255
636,4,33,0.9795974095662435,8.577292,-87.96978251139323,0.91645974,0.9835758536894537,0.015768738
637,4,34,0.9763468106587728,8.667914,-69.94162813822429,1.1210775,0.9835758536894537,0.018517831
638,4,35,0.9744776686032613,8.798401,-84.0151875813802,0.97733384,0.9835758536894537,0.023186618
639,4,36,0.9708553751309713,8.823811,-95.95921071370442,0.9495685,0.9835758536894537,0.023356898
640,4,37,0.9670922954877218,8.64491,-115.7390365600586,0.8625979,0.9835758536894537,0.028665965
641,4,38,0.9631857872009277,8.446212,-147.03124237060547,0.8099742,0.9835758536894537,0.031014727
642,4,39,0.9592205087343851,8.675326,-81.93536885579427,0.98103124,0.9835758536894537,0.033348173
643,4,40,0.9543861945470175,8.543635,-99.60838826497395,0.8805303,0.9835758536894537,0.037441414
644,4,41,0.9483230113983154,8.294633,-70.36175282796223,1.0212821,0.9835758536894537,0.04218033
645,4,42,0.9449270963668823,8.530128,-66.40176137288411,1.0525435,0.9835758536894537,0.050371796
646,4,43,0.9358576536178589,8.181436,-109.76759592692058,0.8352259,0.9835758536894537,0.06027251
647,4,44,0.9291791717211405,8.119934,-116.56228892008464,0.8340524,0.9835758536894537,0.07007713
648,4,45,0.9234665036201477,8.249744,-69.88475672403972,0.99512273,0.9835758536894537,0.07328409
649,4,46,0.9109856088956197,7.911411,-71.41650136311848,0.90780014,0.9835758536894537,0.07471075
650,4,47,0.9046934247016907,8.013679,-112.92735036214192,0.81952286,0.9835758536894537,0.086791754
651,4,48,0.8917770584424337,7.9983196,-68.35531489054362,0.9636547,0.9835758536894537,0.10189969
652,4,49,0.8758787314097086,7.6640778,-81.12802759806316,0.858655,0.9835758536894537,0.11025519
653,4,50,0.8586916526158651,7.576257,-88.49266179402669,0.86766297,0.9835758536894537,0.13724415
654,4,51,0.8389707605044047,7.4498944,-75.22690073649089,0.89091784,0.9835758536894537,0.1305487
655,4,52,0.8253611922264099,7.508141,-82.80942026774089,0.79668695,0.9835758536894537,0.2000286
656,4,53,0.7965079744656881,7.0306344,-422.43807220458984,0.70402044,0.9835758536894537,0.18151002
657,4,54,0.7713203827540079,6.783541,-95.3489621480306,0.696937,0.9835758536894537,0.23207967
658,4,55,0.73688805103302,6.555179,-131.49742889404297,0.69847053,0.9835758536894537,0.26358226
659,4,56,0.6955090761184692,6.195355,-87.2778714497884,0.69587564,0.9835758536894537,0.2828676
660,4,57,0.6465413570404053,5.845083,-33.9989980061849,0.9980095,0.9835758536894537,0.39022705
661,4,58,0.6107863585154215,5.5203266,-28.350243250528973,0.93038446,0.9835758536894537,0.38579968
662,4,59,0.5673115650812784,5.205154,-27.351097742716473,0.8561656,0.9835758536894537,0.40472698
663,4,60,0.45388105511665344,4.2587905,-18.51557731628418,1.0980421,0.9835758536894537,0.498636
664,4,61,0.39733627438545227,3.719947,-13.508378028869629,1.0980357,0.9835758536894537,0.6892082
665,4,62,0.31662601232528687,2.99247,-8.18549633026123,0.8388954,0.9835758536894537,0.7309944
666,4,63,0.22845695912837982,2.1671908,-3.95085875193278,0.8231652,0.9835758536894537,0.91645575
667,4,64,0.16768067081769308,1.6062886,-1.443252166112264,0.8929284,0.9835758536894537,0.91684467
668,4,65,0.0868689442674319,0.96158427,-0.09033896525700887,0.9484043,0.9835758536894537,1.1544676
669,4,66,0.15603800614674887,1.6325136,-0.9977160294850668,1.4405522,0.9835758536894537,1.2219634
670,4,67,0.13354959587256113,1.4468837,-1.5972987810770671,0.9403127,0.9835758536894537,1.1495067
671,4,68,0.1355461080869039,1.4378225,-1.4868526458740234,1.1631783,0.9835758536894537,0.93630236
672,4,69,0.10842454681793849,1.3471712,-6.481710871060689,1.264162,0.9835758536894537,1.1428176
673,4,70,0.10324052721261978,1.0979534,-0.2949560880661011,1.1048001,0.9835758536894537,1.1825589
674,4,71,0.1514521688222885,1.4280988,-25.009000341097515,1.1384048,0.9835758536894537,1.0862812
675,4,72,0.11322074880202611,1.1458595,-3.0472673575083413,0.8817528,0.9835758536894537,0.9012921
676,4,73,0.11082164694865544,1.1451488,-0.43812185525894165,1.0155709,0.9835758536894537,1.0220865
677,4,74,0.12445950011412303,1.3022165,-0.5967251459757487,1.2279768,0.9835758536894537,0.9577048
678,4,75,0.08815857643882434,1.006805,-3.3321927785873413,0.91741896,0.9835758536894537,0.89426136
679,4,76,0.09103839347759883,1.049124,-0.17552101612091064,1.1410164,0.9835758536894537,0.9916983
680,4,77,0.0958326185743014,1.1286213,-0.38755253950754803,1.077898,0.9835758536894537,0.99575263
681,4,78,0.08225213984648387,0.954971,-0.13720879952112833,0.9372564,0.9835758536894537,1.1494755
682,4,79,0.09539298961559932,1.1047155,-0.5628109773000082,1.0744437,0.9835758536894537,0.99945956
683,4,80,0.10638131201267242,1.2434515,-0.8264185190200806,1.0320362,0.9835758536894537,0.94065744
684,4,81,0.11620113998651505,1.2271218,-0.41335529088974,1.2788216,0.9835758536894537,1.0400281
685,4,82,0.0942302073041598,1.0075767,-0.18300743897755942,0.8164018,0.9835758536894537,0.96212703
686,4,83,0.15135043611129126,1.4350843,-0.8830935955047607,1.3333803,0.9835758536894537,1.0654039
687,4,84,0.09304621815681458,1.0909864,-0.4558980464935303,1.1098793,0.9835758536894537,0.8600361
688,4,85,0.09471829980611801,1.03963,-0.12079958120981853,1.0421709,0.9835758536894537,1.1731132
689,4,86,0.09166177113850911,1.0734664,-0.21554859479268393,1.0490184,0.9835758536894537,0.932848
690,4,87,0.07447711129983266,0.8425827,-2.1358222166697183,0.8024227,0.9835758536894537,0.77264595
691,4,88,0.08454621334870656,0.9344669,-0.586297074953715,0.8899124,0.9835758536894537,0.91223544
692,4,89,0.08385261644919713,1.0768028,-0.293864647547404,1.0589505,0.9835758536894537,0.7677446
693,4,90,0.08449023216962814,0.9652405,-0.15961992740631104,0.9299674,0.9835758536894537,1.0030148
694,4,91,0.10519175231456757,1.2085232,-0.26085251569747925,1.2169648,0.9835758536894537,0.9216497
695,4,92,0.11162048578262329,1.2220142,-0.8233524560928345,1.2484363,0.9835758536894537,1.0564975
696,4,93,0.11058663825194041,1.2132674,-1.1584425767262776,1.2510325,0.9835758536894537,1.0371131
697,4,94,0.08458431189258893,0.96235615,-6.249453703562419,1.0129734,0.9835758536894537,0.90126425
698,4,95,0.0754182127614816,0.83187723,0.011468251546223959,0.8345585,0.9835758536894537,0.95916194
699,4,96,0.11820375670989354,1.2667688,-0.5041116078694662,1.2828493,0.9835758536894537,0.9386311
700,4,97,0.09458688646554947,1.1042043,-0.48269379138946533,1.0112388,0.9835758536894537,1.0648837
701,4,98,0.09320011486609776,1.1107259,-0.607750415802002,1.1174566,0.9835758536894537,1.1137365
702,4,99,0.08531134575605392,0.9655891,-0.1860262155532837,0.97080904,0.9835758536894537,0.8911872
703,4,100,0.08342017233371735,0.9205446,-0.018815795580546062,0.9286723,0.9835758536894537,1.0735477
704,4,101,0.0903484473625819,1.1191038,-0.34107128779093426,1.0880249,0.9835758536894537,1.0833699
705,4,102,0.10163494447867076,1.0996455,-0.37615178028742474,1.0429816,0.9835758536894537,0.9879596
706,4,103,0.12622532496849695,1.2830846,-0.3628882169723511,1.2512941,0.9835758536894537,1.1401832
707,4,104,0.10007211565971375,1.0656614,-0.3172561724980672,1.0461868,0.9835758536894537,1.0402099
708,4,105,0.08065547421574593,0.89012957,-0.766621987024943,0.87316537,0.9835758536894537,0.88184315
709,4,106,0.09245612472295761,1.0771807,-0.43562106291453045,1.029756,0.9835758536894537,0.8861184
710,4,107,0.08829101920127869,0.9659443,-0.7177926699320475,0.8092618,0.9835758536894537,0.86143583
711,4,108,0.11864529053370158,1.2758828,-0.7885058323542277,1.3054134,0.9835758536894537,0.96967
712,4,109,0.10332479824622472,1.1820451,-0.8447169065475464,1.0566366,0.9835758536894537,0.9974761
713,4,110,0.07911195419728756,0.9111643,-0.12734886010487875,0.91476244,0.9835758536894537,0.96462876
714,4,111,0.10479665050903957,1.1962175,-0.3046465714772542,1.1873572,0.9835758536894537,0.9327691
715,4,112,0.10919531683127086,1.2594508,-0.5758681297302246,1.1997737,0.9835758536894537,0.9086251
716,4,113,0.13206617534160614,1.3550733,-3.917700012524923,1.3658422,0.9835758536894537,1.1515002
717,4,114,0.09007329990466435,0.98383856,-0.45277877648671466,0.93210095,0.9835758536894537,1.0372795
718,4,115,0.09377880642811458,1.0942553,-0.2828682065010071,0.9689004,0.9835758536894537,1.0951539
719,4,116,0.0962726150949796,1.0775448,-0.4080260197321574,1.0714368,0.9835758536894537,0.88868695
720,4,117,0.136542317767938,1.3664331,-2.9296451409657798,1.2257105,0.9835758536894537,1.0704993
721,4,118,0.10077047596375148,1.0934433,-0.357124924659729,1.0987724,0.9835758536894537,0.94217926
722,4,119,0.083049392948548,0.93268776,-0.7096102436383566,0.95883673,0.9835758536894537,0.91000456
723,4,120,0.11150901267925899,1.2388467,-2.053706725438436,1.2453266,0.9835758536894537,1.106675
724,4,121,0.08046628658970197,0.91285276,-0.01682273546854655,0.89094734,0.9835758536894537,1.0982304
725,4,122,0.09907246381044388,1.1018566,-0.5509961048762003,1.0901074,0.9835758536894537,0.9768352
726,4,123,0.13780619204044342,1.3884201,-7.479165335496266,1.277781,0.9835758536894537,1.183001
727,4,124,0.08890841404596965,1.0746704,-0.5349450906117758,1.0074916,0.9835758536894537,0.8420951
728,4,125,0.11012708147366841,1.1961913,-0.385131041208903,1.1346908,0.9835758536894537,0.8681682
729,4,126,0.09657789518435796,1.0988975,-0.29490403334299725,1.1100453,0.9835758536894537,0.8815871
730,4,127,0.07963789130250613,0.88224524,-0.14646955331166586,0.8929636,0.9835758536894537,0.96392745
731,4,128,0.11587817718585332,1.2935219,-1.0088268717130024,1.2759008,0.9835758536894537,1.052921
732,4,129,0.09061852345863979,1.0712105,-0.6827491919199625,1.0605127,0.9835758536894537,1.0294824
733,4,130,0.11645351598660152,1.2939703,-0.45308224360148114,1.3527266,0.9835758536894537,1.1524161
734,4,131,0.10486072053511937,1.1960545,-0.5492693384488424,1.1806065,0.9835758536894537,1.0374681
735,4,132,0.09728622684876125,1.1174008,-0.535559892654419,1.0379921,0.9835758536894537,1.0340116
736,4,133,0.09830094625552495,1.1817228,-0.4072614510854085,1.0715542,0.9835758536894537,0.9537571
737,4,134,0.08340387791395187,0.95495576,-0.5018684069315592,0.9226918,0.9835758536894537,0.9691746
738,4,135,0.0778841699163119,0.88902503,-0.02918708324432373,0.85513,0.9835758536894537,1.0332154
739,4,136,0.08110016336043675,0.9106796,-1.024801234404246,0.9313938,0.9835758536894537,0.89196706
740,4,137,0.11346627026796341,1.2777153,-0.5223128795623779,1.2866026,0.9835758536894537,1.1031231
741,4,138,0.10507934043804805,1.1340089,-0.7238192955652872,1.1244854,0.9835758536894537,0.8708742
742,4,139,0.11302221069733302,1.2123996,-0.28653130928675336,1.119732,0.9835758536894537,1.0579114
743,4,140,0.08177568390965462,0.8995712,-0.11175843079884847,0.88341695,0.9835758536894537,0.97649366
744,4,141,0.1111644556125005,1.2305115,-0.6987046003341675,1.2290124,0.9835758536894537,1.0874612
745,4,142,0.09078195194403331,1.0157373,-0.7936446269353231,1.0796403,0.9835758536894537,1.0767921
746,4,143,0.08982352912425995,1.0078639,-0.07251660029093425,1.0677661,0.9835758536894537,1.0942873
747,4,144,0.07628610357642174,0.86129713,-0.290042519569397,0.86337274,0.9835758536894537,0.88812107
748,4,145,0.09647078812122345,1.0860761,-2.0787676572799683,1.1118088,0.9835758536894537,0.91517276
749,4,146,0.11021433273951213,1.228951,-1.6689729293187459,1.1994895,0.9835758536894537,1.0790715
750,4,147,0.10057388494412105,1.1389761,-8.340038339296976,1.0233058,0.9835758536894537,0.96762305
751,4,148,0.12558140605688095,1.2792721,-0.9358718792597452,1.129372,0.9835758536894537,0.9527373
752,4,149,0.1084757000207901,1.2329773,-2.1322736342748008,1.2049173,0.9835758536894537,1.0710975
753,4,150,0.12243148436148961,1.2958554,-6.472146093845367,1.2289888,0.9835758536894537,1.1236547
754,4,151,0.07748878623048465,0.87516135,-0.6308859984079996,0.85140914,0.9835758536894537,0.8684419
755,4,152,0.10839023192723592,1.1419512,-0.7097548047701517,1.0466465,0.9835758536894537,0.91824037
756,4,153,0.08549514537056287,0.96066517,-0.3762497901916504,0.8987797,0.9835758536894537,0.9611705
757,4,154,0.07726602877179782,0.8745091,-0.27129944165547687,0.8715032,0.9835758536894537,0.8408014
758,4,155,0.07918524866302808,0.90053886,-0.27316534519195557,0.915353,0.9835758536894537,0.9571759
759,4,156,0.1326937104264895,1.3467764,-1.144938071568807,1.2027379,0.9835758536894537,1.1210732
760,4,157,0.09805209686358769,1.1407715,-0.704055905342102,1.0763482,0.9835758536894537,1.0100999
761,4,158,0.08742256710926692,1.0300705,-0.14885127544403076,0.94171304,0.9835758536894537,1.1128697
762,4,159,0.09924804170926411,1.1290181,-0.9048328002293905,1.1241655,0.9835758536894537,0.9127272
763,4,160,0.0983036036292712,1.1268506,-0.7831470966339111,0.9712095,0.9835758536894537,0.95781106
764,4,161,0.07619486066202323,0.8562123,-0.04604842265446981,0.86427164,0.9835758536894537,0.91461176
765,4,162,0.11148045460383098,1.2207144,-0.9278813203175863,1.2551948,0.9835758536894537,0.94709355
766,4,163,0.13400438179572424,1.3714207,-0.5576644341150919,1.4201651,0.9835758536894537,1.1659809
767,4,164,0.08982972800731659,1.0719554,-0.48071642716725665,1.0107408,0.9835758536894537,0.8422249
768,4,165,0.08943192412455876,1.077427,-0.41741740703582764,1.0176965,0.9835758536894537,0.90963966
769,4,166,0.1077290450533231,1.2317733,-0.6012117067972819,1.1952089,0.9835758536894537,1.133408
770,4,167,0.09567917386690776,1.0364801,-0.9826440413792928,0.90683895,0.9835758536894537,0.8831508
771,4,168,0.12460892647504807,1.3157521,-0.9672272205352783,1.3421856,0.9835758536894537,1.1717232
772,4,169,0.08444080625971158,0.9397736,-0.08227755626042683,0.97914475,0.9835758536894537,1.0972723
773,4,170,0.0831370751063029,0.90886825,-0.23426520824432373,0.9114966,0.9835758536894537,1.0147521
774,4,171,0.0932338759303093,1.0749286,-0.32029130061467487,1.077447,0.9835758536894537,1.0615023
775,4,172,0.10142178336779277,1.1347488,-1.1059596538543701,0.9870684,0.9835758536894537,0.7152354
776,4,173,0.10187562058369319,1.151274,-1.391262372334798,1.0382205,0.9835758536894537,1.0597711
777,4,174,0.09383641431728999,1.0402716,-0.16564154624938965,0.9701216,0.9835758536894537,1.2350575
778,4,175,0.07873557135462761,0.8812868,0.006095767021179199,0.87007666,0.9835758536894537,0.9320783
779,4,176,0.09731597950061162,1.1258982,-0.4186362425486247,1.0152408,0.9835758536894537,1.0931584
780,4,177,0.09842723608016968,1.1169013,-0.9711865186691284,1.0613499,0.9835758536894537,0.9733317
781,4,178,0.09207394222418468,1.1060568,-1.2950270970662434,1.0978563,0.9835758536894537,0.98393303
782,4,179,0.1144598051905632,1.2746482,-1.063823401927948,1.3024932,0.9835758536894537,1.0692054
783,4,180,0.08312271535396576,0.9139488,-0.022297441959381104,0.9235559,0.9835758536894537,1.0982972
784,4,181,0.12301476051410039,1.2625455,-0.5810995499293009,1.0405527,0.9835758536894537,0.8323689
785,4,182,0.08698143064975739,0.94638556,-3.3428701957066855,0.8307863,0.9835758536894537,0.8020828
786,4,183,0.075595377633969,0.84994215,-0.2870928446451823,0.8568246,0.9835758536894537,0.8565622
787,4,184,0.10452023396889369,1.2293789,-1.2627982298533122,1.0350871,0.9835758536894537,1.1209296
788,4,185,0.08137127757072449,0.90857416,0.008903225262959799,0.89116794,0.9835758536894537,1.1394861
789,4,186,0.08391475429137547,0.942657,-0.20999052127202353,0.99189305,0.9835758536894537,1.1317722
790,4,187,0.08500708142916362,0.9743171,-1.661877989768982,0.99336404,0.9835758536894537,0.97462815
791,4,188,0.07991128663221995,0.9253647,-0.08343438307444255,0.9351435,0.9835758536894537,1.095471
792,4,189,0.08290855959057808,0.94502455,-0.0786816676457723,0.989196,0.9835758536894537,1.0714535
793,4,190,0.10714164127906163,1.1747186,-3.175510366757711,1.0595814,0.9835758536894537,0.9918673
794,4,191,0.07707643198470275,0.85575795,-0.20580005645751953,0.85119003,0.9835758536894537,0.8863163
795,4,192,0.09018788983424504,1.0129803,-5.372892300287883,1.0039986,0.9835758536894537,0.9883468
796,4,193,0.13300935924053192,1.3356031,-0.7331324021021525,1.2865821,0.9835758536894537,0.87340194
797,4,194,0.09448265035947163,1.1219729,-3.499258200327555,1.0261112,0.9835758536894537,0.9234037
798,4,195,0.08991358677546184,0.9905283,-1.5549048980077107,0.97165674,0.9835758536894537,0.9731078
799,4,196,0.09251528481642406,1.0048515,-0.1203997532526652,0.8442207,0.9835758536894537,1.16567
800,4,197,0.0855249712864558,0.96130365,-0.6455439329147339,0.94441813,0.9835758536894537,0.9800982
801,4,198,0.0753627425680558,0.8433272,-0.6490422884623209,0.8653032,0.9835758536894537,0.8722721
802,4,199,0.11259326338768005,1.2443594,-0.2473433017730713,1.2179146,0.9835758536894537,1.1709682
803,4,200,0.10337593406438828,1.2325749,-1.6477197806040447,1.1625034,0.9835758536894537,0.99677134
804,5,0,0.9905513127644857,9.045386,-90.28913116455078,0.97165966,0.9835758536894537,0.004340594
805,5,1,0.9886796474456787,8.770493,-69.64475568135579,1.1469111,0.9835758536894537,0.0110610975
806,5,2,0.9874198238054911,8.693782,-90.55845006306966,1.0324287,0.9835758536894537,0.013085251
807,5,3,0.986296534538269,8.805248,-388.52816009521484,0.7766009,0.9835758536894537,0.012704576
808,5,4,0.9843158523241679,8.847071,-108.38063557942708,0.9310661,0.9835758536894537,0.017263869
809,5,5,0.9825854500134786,8.768523,-74.07834879557292,1.0935231,0.9835758536894537,0.015466643
810,5,6,0.9804366827011108,8.711384,-283.78300348917645,0.7931884,0.9835758536894537,0.013709683
811,5,7,0.9772501389185587,8.450824,-86.11645253499348,0.92747706,0.9835758536894537,0.013339714
812,5,8,0.9769452611605326,8.79406,-92.2510274251302,0.9603398,0.9835758536894537,0.012275681
813,5,9,0.9744998216629028,8.672467,-139.81165313720703,0.8612178,0.9835758536894537,0.011026668
814,5,10,0.9728366533915201,8.649564,-316.84666697184247,0.7895016,0.9835758536894537,0.009575495
815,5,11,0.9698163072268168,8.375066,-115.54739888509114,0.8344829,0.9835758536894537,0.009651675
816,5,12,0.969636062781016,8.6714945,-5406.458108266194,0.69372076,0.9835758536894537,0.006562418
817,5,13,0.9668909112612406,8.471223,-76.77161916097005,1.0076634,0.9835758536894537,0.0072243344
818,5,14,0.9656538764635721,8.557677,-91.69379552205403,0.93388015,0.9835758536894537,0.006229734
819,5,15,0.9649518330891927,8.760017,-95.7287368774414,0.91981286,0.9835758536894537,0.005139955
820,5,16,0.9615769982337952,8.3496275,-83.88577779134114,0.93954426,0.9835758536894537,0.0047704824
821,5,17,0.9611979722976685,8.619275,-69.27783075968425,1.1026825,0.9835758536894537,0.005074568
822,5,18,0.9610187609990438,8.852909,-95.24368540445964,0.91997033,0.9835758536894537,0.003941633
823,5,19,0.9585478107134501,8.649819,-75.9037094116211,1.0051295,0.9835758536894537,0.0031507935
824,5,20,0.956913431485494,8.593568,-80.53433736165364,0.99051327,0.9835758536894537,0.002744453
825,5,21,0.9528985023498535,8.152094,-85.2692642211914,0.8957333,0.9835758536894537,0.0019140089
826,5,22,0.9518258770306905,8.223807,-78.80855814615886,0.9224122,0.9835758536894537,0.0013907374
827,5,23,0.9529062509536743,8.678445,-81.64745330810547,1.0228045,0.9835758536894537,0.0006873964
828,5,24,0.9513889948527018,8.658272,-113.4396260579427,0.90177613,0.9835758536894537,0.00019269764
829,5,25,0.9483035405476888,8.382271,-99.4925053914388,0.90633243,0.9835758536894537,0.00043313135
830,5,26,0.9470072587331136,8.484967,-68.00473912556966,1.0447606,0.9835758536894537,0.0011430777
831,5,27,0.9447054465611776,8.336177,-90.87288284301758,0.91128,0.9835758536894537,0.0017355006
832,5,28,0.9425187508265177,8.256879,-83.57264709472656,0.9212474,0.9835758536894537,0.0029118743
833,5,29,0.9417133132616679,8.373431,-259.5441500345866,0.7923705,0.9835758536894537,0.003481253
834,5,30,0.9393343528111776,8.345241,-70.44472376505534,1.0115839,0.9835758536894537,0.004472288
835,5,31,0.9375244776407877,8.298091,-240.20706049601236,0.7822413,0.9835758536894537,0.005715785
836,5,32,0.9361189405123392,8.391038,-129.2082748413086,0.83857185,0.9835758536894537,0.0066864756
837,5,33,0.9331184029579163,8.27823,-145.69845581054688,0.84749335,0.9835758536894537,0.00852879
838,5,34,0.9307123819986979,8.282264,-64.27027384440105,1.0824827,0.9835758536894537,0.011207377
839,5,35,0.9287210702896118,8.380768,-91.54775492350261,0.89846784,0.9835758536894537,0.0111148385
840,5,36,0.9247734745343527,8.17771,-238.09710947672525,0.7648682,0.9835758536894537,0.012148976
841,5,37,0.921644369761149,8.305964,-63.7455202738444,1.1359223,0.9835758536894537,0.015449688
842,5,38,0.91809610525767,8.148652,-163.63441721598306,0.8035582,0.9835758536894537,0.015723197
843,5,39,0.915920078754425,8.333941,-96.31629943847656,0.8848823,0.9835758536894537,0.017727783
844,5,40,0.9102051059405009,8.210235,-73.4935073852539,0.9888628,0.9835758536894537,0.025503838
845,5,41,0.9040818413098654,8.144248,-65.94125366210938,0.99695486,0.9835758536894537,0.02476163
846,5,42,0.8991031050682068,8.151452,-64.55248514811198,1.0293628,0.9835758536894537,0.03181508
847,5,43,0.8936078349749247,8.104497,-66.23898824055989,0.9671337,0.9835758536894537,0.04404572
848,5,44,0.886129895846049,7.9075284,-112.85309346516927,0.85709184,0.9835758536894537,0.04133926
849,5,45,0.8766603072484335,7.883783,-57.1939328511556,1.0638572,0.9835758536894537,0.056873307
850,5,46,0.8669793605804443,7.726425,-659.9454879760742,0.7084432,0.9835758536894537,0.047844455
851,5,47,0.8535459637641907,7.423229,-157.34386825561523,0.76747876,0.9835758536894537,0.07460646
852,5,48,0.8458281556765238,7.65065,-70.10645421346028,0.8833396,0.9835758536894537,0.08640952
853,5,49,0.8319706519444784,7.6018295,-64.34804407755534,0.95010495,0.9835758536894537,0.08362231
854,5,50,0.8189993500709534,7.382141,-106.30329259236653,0.82423085,0.9835758536894537,0.08959422
855,5,51,0.7992212971051534,7.20652,-50.774794260660805,0.9630189,0.9835758536894537,0.14243966
856,5,52,0.7736765146255493,6.821942,-60.24580764770508,0.88575083,0.9835758536894537,0.13588604
857,5,53,0.7396875619888306,6.36587,-45.965380350748696,0.89869183,0.9835758536894537,0.15652333
858,5,54,0.7348659435907999,6.783015,-54.7880859375,0.8669409,0.9835758536894537,0.1625997
859,5,55,0.712126632531484,6.5654273,-52.07098642985026,0.8664363,0.9835758536894537,0.20772727
860,5,56,0.6675328413645426,5.904184,-34.21789677937826,0.96462566,0.9835758536894537,0.23032565
861,5,57,0.6469723979632059,5.734043,-54.96774864196777,0.774543,0.9835758536894537,0.25391784
862,5,58,0.6076175967852274,5.4298253,-120.68632380167644,0.6847734,0.9835758536894537,0.28740034
863,5,59,0.5714711745580038,5.3492627,-30.16140365600586,0.8746641,0.9835758536894537,0.32858932
864,5,60,0.5167537331581116,4.639857,-39.290693283081055,0.7382371,0.9835758536894537,0.36529148
865,5,61,0.4796130061149597,4.3428965,-33.14600435892741,0.7337589,0.9835758536894537,0.40609422
866,5,62,0.4131396214167277,3.7855694,-869.9671039581299,0.71744347,0.9835758536894537,0.4347768
867,5,63,0.3406672378381093,3.2562358,-10.040674209594727,0.90628034,0.9835758536894537,0.5048398
868,5,64,0.26713064809640247,2.5448425,-6.110159238179524,0.926153,0.9835758536894537,0.5216139
869,5,65,0.21484215060869852,2.0809975,-4.430257320404053,0.71022505,0.9835758536894537,0.76048666
870,5,66,0.15308012068271637,1.4918927,-1.3572778701782227,0.86274046,0.9835758536894537,0.8199396
871,5,67,0.10025879740715027,1.0987219,-0.6159401337305704,0.91569775,0.9835758536894537,0.7667368
872,5,68,0.1373683139681816,1.4381529,-2.1300056179364524,1.1574093,0.9835758536894537,1.0101327
873,5,69,0.12041650712490082,1.3202027,-0.6101382176081339,1.0339895,0.9835758536894537,0.8996871
874,5,70,0.12921902785698572,1.4019488,-0.5731652577718099,1.1519489,0.9835758536894537,0.92042667
875,5,71,0.08137473712364833,0.93927217,-0.2822648088137309,0.88015944,0.9835758536894537,1.0663806
876,5,72,0.08293672899405162,1.012071,-0.7422224680582682,1.0196042,0.9835758536894537,0.79009557
877,5,73,0.09563569972912471,1.1320322,-0.3735434611638387,1.0960234,0.9835758536894537,0.81136245
878,5,74,0.10922147333621979,1.1744026,-0.22883967558542886,1.1629983,0.9835758536894537,0.7898955
879,5,75,0.09668790300687154,1.145923,-0.5040575265884399,0.9853204,0.9835758536894537,0.77701515
880,5,76,0.08297378569841385,0.9188579,-0.27277612686157227,0.82407683,0.9835758536894537,0.8697931
881,5,77,0.08607664207617442,1.0814779,-2.135910431543986,1.0126166,0.9835758536894537,0.7944791
882,5,78,0.0826898788412412,1.0289215,-0.4323188066482544,1.0497864,0.9835758536894537,1.0435548
883,5,79,0.07502060135205586,0.86260796,-0.08136419455210368,0.87492687,0.9835758536894537,0.9436678
884,5,80,0.09305309255917867,1.0680051,-0.8624503215154012,1.0036769,0.9835758536894537,0.7151706
885,5,81,0.07624478886524837,0.8586924,0.06322558720906575,0.8775596,0.9835758536894537,0.96518993
886,5,82,0.07667620480060577,0.8914294,0.06527831157048543,0.89364934,0.9835758536894537,0.9768489
887,5,83,0.0879156490166982,1.0307347,-0.05323664347330729,0.98606604,0.9835758536894537,0.9461648
888,5,84,0.07964433605472247,0.88432807,-2.025939087073008,0.87624556,0.9835758536894537,0.8757646
889,5,85,0.08368651320536931,1.0536811,-0.6275668938954672,1.0016521,0.9835758536894537,0.9145391
890,5,86,0.09140237420797348,1.0622991,-1.2879921197891235,1.0412816,0.9835758536894537,0.8720751
891,5,87,0.1302274912595749,1.3140925,-1.0923398335774739,1.2506256,0.9835758536894537,1.0092283
892,5,88,0.11893348147471745,1.2215165,-1.6144050757090251,1.1275305,0.9835758536894537,0.86536145
893,5,89,0.10650025059779485,1.1709247,-0.3220454255739848,1.1828474,0.9835758536894537,0.8330677
894,5,90,0.07514832292993863,0.8612842,-0.12904946009318033,0.8039512,0.9835758536894537,0.7874705
895,5,91,0.11106688280900319,1.2398537,-0.6652710835138956,1.2189194,0.9835758536894537,0.90232944
896,5,92,0.09314638127883275,1.0135664,-0.747468113899231,1.0065651,0.9835758536894537,1.0237057
897,5,93,0.07883458336194356,0.9210903,0.034486194451649986,0.8566467,0.9835758536894537,0.981539
898,5,94,0.10048839698235194,1.1403985,-0.22093931833902994,1.149013,0.9835758536894537,0.99496126
899,5,95,0.10600120325883229,1.1815761,-0.44503581523895264,1.1655251,0.9835758536894537,0.7976025
900,5,96,0.10504404703776042,1.1662537,-0.5442765553792318,1.156148,0.9835758536894537,0.89947146
901,5,97,0.09122053285439809,1.0880066,-0.314488152662913,0.9683161,0.9835758536894537,0.74988467
902,5,98,0.09284670650959015,1.0447965,-0.041509389877319336,1.0350612,0.9835758536894537,0.89601415
903,5,99,0.10051962236563365,1.1516657,-0.5395288070042928,1.1642128,0.9835758536894537,0.7920842
904,5,100,0.09806575626134872,1.1326189,-0.22578386465708414,1.1253608,0.9835758536894537,0.73528814
905,5,101,0.07079239624241988,0.8441386,0.06526092688242595,0.88275975,0.9835758536894537,0.9039983
906,5,102,0.09585755194226901,1.1255603,-1.680587152640025,1.0835037,0.9835758536894537,0.96058315
907,5,103,0.0690154420832793,0.76821375,0.019016106923421223,0.7993539,0.9835758536894537,0.8415149
908,5,104,0.10653748859961827,1.242222,-0.7946023941040039,1.2615315,0.9835758536894537,0.89399105
909,5,105,0.07531632731358211,0.86348605,-0.4470987319946289,0.86054844,0.9835758536894537,0.8676662
910,5,106,0.0710706114768982,0.83562,0.09314403931299846,0.80889004,0.9835758536894537,1.0686795
911,5,107,0.09573491662740707,1.050077,-0.7565422455469767,1.0232054,0.9835758536894537,0.88992625
912,5,108,0.07833496605356534,0.9024083,0.042339861392974854,0.84134823,0.9835758536894537,0.97843105
913,5,109,0.09237555414438248,1.1106447,-0.7546465396881104,1.0478864,0.9835758536894537,0.8338621
914,5,110,0.1297937755783399,1.3291858,-1.2908024191856384,1.2345648,0.9835758536894537,1.0242795
915,5,111,0.12467268357674281,1.3163773,-0.8832736214001974,1.257524,0.9835758536894537,0.95028216
916,5,112,0.11251659194628398,1.2218486,-1.4615713953971863,1.033824,0.9835758536894537,0.84611845
917,5,113,0.07832809537649155,0.9025219,0.053129096825917564,0.8373499,0.9835758536894537,0.97119075
918,5,114,0.10948641474048297,1.1540712,-0.0735316276550293,1.0116254,0.9835758536894537,0.8944275
919,5,115,0.10622505595286687,1.2195792,-1.2599613070487976,1.2007484,0.9835758536894537,0.9555256
920,5,116,0.09736901273330052,1.1267338,-0.25807992617289227,1.1018372,0.9835758536894537,0.67816037
921,5,117,0.11254528909921646,1.1915562,-0.9855299790700277,1.0981135,0.9835758536894537,0.9354407
922,5,118,0.09669083108504613,1.125567,-1.0900896787643433,1.0988377,0.9835758536894537,0.82248354
923,5,119,0.07408192691703637,0.8525863,-0.1379544734954834,0.8042334,0.9835758536894537,0.81273323
924,5,120,0.08369820564985275,0.947105,-0.8452010949452718,0.9172557,0.9835758536894537,0.8417091
925,5,121,0.08442835013071696,0.94899035,-0.22455100218454996,0.78493524,0.9835758536894537,0.8144643
926,5,122,0.1052437275648117,1.1482958,-0.3119362195332845,1.1948098,0.9835758536894537,0.8720433
927,5,123,0.09083995471398036,1.1146741,-0.23141038417816162,1.0353636,0.9835758536894537,0.9041626
928,5,124,0.07835013791918755,0.9079612,-0.763877789179484,0.841734,0.9835758536894537,0.8107858
929,5,125,0.137189748386542,1.4164314,-0.5581261316935221,1.2768496,0.9835758536894537,0.8173209
930,5,126,0.08607134471337001,1.0241241,-0.25588929653167725,0.9357545,0.9835758536894537,1.1077129
931,5,127,0.11155138909816742,1.2581192,-0.8059518933296204,1.2669543,0.9835758536894537,0.93836594
932,5,128,0.07578839858373006,0.86777586,-0.4344849983851115,0.8027027,0.9835758536894537,0.78751355
933,5,129,0.08945527921120326,1.0529699,-0.09010696411132812,1.0610121,0.9835758536894537,0.9678189
934,5,130,0.08802572886149089,1.0857477,-0.5400760372479757,0.9880864,0.9835758536894537,0.9101352
935,5,131,0.07332487404346466,0.8530426,-0.3473173975944519,0.8749008,0.9835758536894537,0.8298344
936,5,132,0.08556028703848521,1.0366172,-1.3105884393056233,1.0149902,0.9835758536894537,0.9441647
937,5,133,0.08987347036600113,1.0542153,-0.394925594329834,0.9803178,0.9835758536894537,0.91232204
938,5,134,0.10658401747544606,1.1847734,-0.35391461849212646,1.1709529,0.9835758536894537,0.96115273
939,5,135,0.09448288381099701,1.0612653,-2.6625608801841736,1.0746146,0.9835758536894537,0.9114797
940,5,136,0.0756533071398735,0.91505057,-0.3387264013290405,0.8511804,0.9835758536894537,0.7859747
941,5,137,0.07346439609924953,0.8609099,-0.044149696826934814,0.8841477,0.9835758536894537,0.6703978
942,5,138,0.10105817764997482,1.1711344,-0.9713553190231323,1.0417262,0.9835758536894537,1.0016127
943,5,139,0.09257045884927113,1.045813,-0.7163040637969971,1.0467668,0.9835758536894537,0.88419294
944,5,140,0.06926587224006653,0.8408852,0.09613597393035889,0.8561759,0.9835758536894537,0.85091716
945,5,141,0.10975022365649541,1.230753,-0.5687659581502279,1.2764369,0.9835758536894537,1.0317811
946,5,142,0.13175399725635847,1.3185678,-0.5022485454877218,1.2620217,0.9835758536894537,0.89378387
947,5,143,0.0815207411845525,1.0056785,-0.04906137784322103,0.9417229,0.9835758536894537,0.8383994
948,5,144,0.08445059508085251,1.064269,-0.9107374350229899,1.0251914,0.9835758536894537,0.8513524
949,5,145,0.09965618699789047,1.122845,-0.17824323972066244,1.1190926,0.9835758536894537,1.011434
950,5,146,0.07308031370242436,0.8619042,-0.075908362865448,0.85171896,0.9835758536894537,0.89368373
951,5,147,0.09573681900898616,1.1488415,-1.2759513060251872,1.122465,0.9835758536894537,0.94036895
952,5,148,0.06858813017606735,0.8106425,0.13630318641662598,0.78080034,0.9835758536894537,0.89391756
953,5,149,0.09109396984179814,1.0286734,-0.4959685802459717,1.0288712,0.9835758536894537,0.9159992
954,5,150,0.07842132449150085,0.8761577,-0.21262240409851074,0.78355676,0.9835758536894537,0.8251621
955,5,151,0.07668078566590945,0.8835104,0.04726135730743408,0.8484618,0.9835758536894537,0.8357496
956,5,152,0.13388447960217795,1.323999,-2.158620536327362,0.97202176,0.9835758536894537,0.7630432
957,5,153,0.0940093919634819,1.0598733,-0.25104618072509766,1.0633802,0.9835758536894537,0.8385682
958,5,154,0.10060755163431168,1.1583194,-0.32128608226776123,1.1751138,0.9835758536894537,0.86633116
959,5,155,0.08500177909930547,0.9616961,0.006764372189839681,0.95348024,0.9835758536894537,0.9122403
960,5,156,0.06989457458257675,0.8322508,0.13260269165039062,0.81836015,0.9835758536894537,0.7635598
961,5,157,0.10422826806704204,1.219855,-0.6817618807156881,1.222941,0.9835758536894537,0.8923557
962,5,158,0.07913778225580852,0.91743463,-0.3404512008031209,0.8406661,0.9835758536894537,0.9420894
963,5,159,0.08492826918760936,1.0407075,-3.286442995071411,0.952749,0.9835758536894537,0.7836974
964,5,160,0.06810575723648071,0.79878944,0.13907325267791748,0.7728612,0.9835758536894537,0.9841178
965,5,161,0.079121479143699,0.9053333,-0.29902219772338867,0.87358236,0.9835758536894537,0.83464843
966,5,162,0.097376249730587,1.0821524,-0.05612295866012573,1.1254512,0.9835758536894537,0.88193506
967,5,163,0.08817003170649211,1.0379654,-0.01750139395395915,1.0085098,0.9835758536894537,0.9280822
968,5,164,0.07304110005497932,0.83794993,-0.4434229334195455,0.8577736,0.9835758536894537,0.8468442
969,5,165,0.09345335513353348,1.1194978,-0.7233991821606954,1.0068655,0.9835758536894537,0.86302155
970,5,166,0.10627403110265732,1.2098681,-0.3448040286699931,1.1092108,0.9835758536894537,0.9218767
971,5,167,0.09331256647904713,1.1392287,-1.68134339650472,1.0762898,0.9835758536894537,0.93363553
972,5,168,0.10559679567813873,1.1327178,-0.917577842871348,1.1271228,0.9835758536894537,0.84424
973,5,169,0.06579835743953784,0.7436114,0.06523813803990682,0.69068384,0.9835758536894537,0.63301486
974,5,170,0.08531209578116734,0.96331835,-0.39512068033218384,0.8531819,0.9835758536894537,0.85429746
975,5,171,0.10444157322247823,1.0822643,-0.5855607986450195,1.0748589,0.9835758536894537,0.70928913
976,5,172,0.09611420581738155,1.1460017,-1.461786945660909,1.0707074,0.9835758536894537,0.92104834
977,5,173,0.07308500135938327,0.8890845,-3.090253313382467,0.8973082,0.9835758536894537,0.8298033
978,5,174,0.10454632341861725,1.1569701,-0.21285406748453775,1.1107339,0.9835758536894537,0.65135676
979,5,175,0.1053782378633817,1.1777996,-1.3834698994954426,1.1940898,0.9835758536894537,1.0245739
980,5,176,0.10285846889019012,1.1377562,-0.21614589293797812,1.1124903,0.9835758536894537,0.8724055
981,5,177,0.08367083221673965,0.9919712,0.00794370969136556,0.9417057,0.9835758536894537,0.8827887
982,5,178,0.08669963975747426,1.0402304,-0.07420482238133748,1.0066501,0.9835758536894537,1.0520095
983,5,179,0.08250658214092255,1.0272179,-0.4243563810984294,1.0227245,0.9835758536894537,0.90481806
984,5,180,0.10270264993111293,1.1554252,-0.5784237583478292,1.1535562,0.9835758536894537,0.8659787
985,5,181,0.09663613388935725,1.1857351,-3.7668273647626243,1.1832198,0.9835758536894537,0.96056914
986,5,182,0.09069265673557918,1.049313,-0.5731276075045267,1.0307908,0.9835758536894537,1.0007418
987,5,183,0.07028409652411938,0.8277481,0.0541529655456543,0.80999184,0.9835758536894537,1.0410094
988,5,184,0.08274080852667491,1.0115308,-0.052930851777394615,1.0813072,0.9835758536894537,0.7984764
989,5,185,0.06922234284381072,0.81034106,0.07592538992563884,0.8109185,0.9835758536894537,0.8475593
990,5,186,0.08686433732509613,1.0204853,-0.3977067271868388,0.95971614,0.9835758536894537,0.92419237
991,5,187,0.06990860402584076,0.81594867,-0.5454170306523641,0.79683894,0.9835758536894537,0.6946252
992,5,188,0.07439927880962689,0.88109136,0.10946764548619588,0.91086656,0.9835758536894537,0.93241996
993,5,189,0.07479549075166385,0.89209896,0.09382782379786174,0.9720239,0.9835758536894537,0.9771946
994,5,190,0.09358543902635574,1.0550934,-0.008299628893534342,1.1153854,0.9835758536894537,1.0015135
995,5,191,0.07229447364807129,0.85426235,-0.043039063612620033,0.8659256,0.9835758536894537,0.90697616
996,5,192,0.12721762309471765,1.2594692,-0.6747368971506754,1.2506604,0.9835758536894537,0.8461172
997,5,193,0.08029811705152194,1.0272335,-0.09776937961578369,0.96331424,0.9835758536894537,0.93886167
998,5,194,0.08626361687978108,1.047987,-1.4734443426132202,0.9474537,0.9835758536894537,0.8299044
999,5,195,0.12752566238244376,1.2827387,-0.49625494082768756,1.2771171,0.9835758536894537,0.85987216
1000,5,196,0.07783284907539685,0.9944717,-0.11014060179392497,1.0277331,0.9835758536894537,0.67776245
1001,5,197,0.06766893404225509,0.7867759,-0.0440103809038798,0.78450584,0.9835758536894537,0.80224615
1002,5,198,0.08997698252399762,1.0443288,-0.17446688810984293,0.9095085,0.9835758536894537,0.7399373
1003,5,199,0.07716652378439903,0.916333,-0.3594383994738261,0.9374838,0.9835758536894537,0.9710932
1004,5,200,0.08889621744553249,1.0664916,-0.7508265376091003,0.98680526,0.9835758536894537,0.8666027
