,No. Neurons,Epoch,Train MAPE,Train RMSE,Train R2
0,1,0,1.034635106722514,23.06114387512207,-25.13777764638265
1,1,1,1.0322678089141846,24.41618537902832,-69.56219959259033
2,1,2,1.033260981241862,24.047231674194336,-17.10983657836914
3,1,3,1.0338352918624878,23.145172119140625,-42.25430456797282
4,1,4,1.0327068567276,23.754270553588867,-57.39240805308024
5,1,5,1.031423012415568,24.953908920288086,-21.73618507385254
6,1,6,1.031798005104065,24.705110549926758,-17.080060323079426
7,1,7,1.0331392685572307,23.255552291870117,-31.96890862782796
8,1,8,1.033149520556132,23.227128982543945,-26.320621172587078
9,1,9,1.032173752784729,23.989225387573242,-17.731332778930664
10,1,10,1.0314790805180867,24.504859924316406,-16.919723828633625
11,1,11,1.0321433544158936,23.436737060546875,-62.27931308746338
12,1,12,1.0328412453333538,23.585580825805664,-15.220927238464355
13,1,13,1.0330702463785808,22.799924850463867,-26.838965098063152
14,1,14,1.03273610273997,23.130523681640625,-19.96215565999349
15,1,15,1.0306483507156372,24.276212692260742,-28.75705115000407
16,1,16,1.0323539177576702,23.45778465270996,-16.47203795115153
17,1,17,1.031492551167806,24.27205467224121,-14.569815317789713
18,1,18,1.030428449312846,24.837560653686523,-16.646244049072266
19,1,19,1.0296655495961506,25.016098022460938,-17.908233006795246
20,1,20,1.0311168432235718,23.404539108276367,-26.39814027150472
21,1,21,1.0318375428517659,22.781145095825195,-31.61124324798584
22,1,22,1.030387322107951,23.81944465637207,-21.37753677368164
23,1,23,1.0302679538726807,23.47957420349121,-168.04565270741782
24,1,24,1.0280530055363972,25.973478317260742,-20.550016403198242
25,1,25,1.0300753513971965,23.873815536499023,-17.280997276306152
26,1,26,1.0306413968404133,23.082738876342773,-28.577202161153156
27,1,27,1.0278596083323162,25.57520866394043,-23.53743553161621
28,1,28,1.0301417509714763,23.92510986328125,-16.85366439819336
29,1,29,1.0296638409296672,24.387258529663086,-15.090532938639322
30,1,30,1.028665026028951,24.25105094909668,-22.18695576985677
31,1,31,1.0295512676239014,23.875244140625,-17.10894552866618
32,1,32,1.0288417339324951,24.20326042175293,-16.342187881469727
33,1,33,1.0270111958185832,26.02012062072754,-17.90849431355794
34,1,34,1.0293721755345662,23.1030216217041,-30.12031141916911
35,1,35,1.0284696817398071,24.02555274963379,-19.24444580078125
36,1,36,1.0274217526117961,25.21466064453125,-16.396936416625977
37,1,37,1.0278835693995159,24.107267379760742,-20.68907292683919
38,1,38,1.0279455582300823,24.07688331604004,-17.35155423482259
39,1,39,1.0267017285029094,25.065292358398438,-21.614369710286457
40,1,40,1.0270458062489827,24.7672176361084,-16.74423344930013
41,1,41,1.0274073680241902,24.039087295532227,-21.474884033203125
42,1,42,1.0286387999852498,23.060056686401367,-19.387219111124676
43,1,43,1.026586373647054,24.39756202697754,-28.803914705912273
44,1,44,1.0273569424947102,23.651443481445312,-22.052743275960285
45,1,45,1.0259044567743938,25.054168701171875,-20.3645814259847
46,1,46,1.0261378288269043,24.472902297973633,-27.02587095896403
47,1,47,1.0261387427647908,24.667943954467773,-17.992806752522785
48,1,48,1.0256764888763428,24.68888282775879,-25.061039606730144
49,1,49,1.0269629557927449,23.126319885253906,-108.3375768661499
50,1,50,1.0284299453099568,22.697471618652344,-16.258121808369953
51,1,51,1.0255368947982788,24.64137840270996,-19.099945068359375
52,1,52,1.0269922415415447,22.85907554626465,-37.090894063313804
53,1,53,1.0271270275115967,22.830459594726562,-22.047939936319988
54,1,54,1.0268508990605671,23.050283432006836,-17.53947385152181
55,1,55,1.0245055357615154,25.329805374145508,-18.326859792073567
56,1,56,1.0258423487345378,23.251785278320312,-64.64559237162273
57,1,57,1.02537202835083,23.419891357421875,-213.6477018992106
58,1,58,1.0251352389653523,23.561986923217773,-90.23858960469563
59,1,59,1.0246763229370117,24.440393447875977,-18.270405451456707
60,1,60,1.0240923166275024,24.928232192993164,-16.83342107137044
61,1,61,1.02397882938385,24.931886672973633,-17.519761721293133
62,1,62,1.0240258773167927,24.560163497924805,-19.70225207010905
63,1,63,1.0250596205393474,23.08453369140625,-45.0019261042277
64,1,64,1.0255857308705647,22.59122657775879,-34.36470858256022
65,1,65,1.024194876352946,23.7224063873291,-25.039767901102703
66,1,66,1.0250110228856404,23.408594131469727,-15.639061292012533
67,1,67,1.0233969291051228,24.9069766998291,-16.83837381998698
68,1,68,1.0238608916600545,24.083547592163086,-16.909201939900715
69,1,69,1.024485429128011,22.97028923034668,-23.62320868174235
70,1,70,1.025261362393697,22.363954544067383,-20.88858922322591
71,1,71,1.0224926869074504,25.06304931640625,-17.139943440755207
72,1,72,1.024127761522929,22.998323440551758,-20.420560836791992
73,1,73,1.0230591694513957,23.78947639465332,-23.046401023864746
74,1,74,1.0211128791173298,26.25644874572754,-32.52774620056152
75,1,75,1.0220569372177124,24.87188148498535,-17.153446833292644
76,1,76,1.0235517819722493,23.1866512298584,-17.592729568481445
77,1,77,1.021659255027771,24.578977584838867,-68.75077978769939
78,1,78,1.0231139262517293,22.957773208618164,-27.637951215108234
79,1,79,1.023165265719096,22.98787498474121,-19.177265167236328
80,1,80,1.022411624590556,23.504785537719727,-18.519631067911785
81,1,81,1.0221363306045532,23.622365951538086,-19.28718852996826
82,1,82,1.0231186946233113,22.461746215820312,-24.98805586496989
83,1,83,1.0222660700480144,23.207534790039062,-21.251348813374836
84,1,84,1.0207955439885457,25.217742919921875,-15.891664822896322
85,1,85,1.0228331486384075,23.193700790405273,-13.916353543599447
86,1,86,1.02108633518219,23.90004539489746,-23.390130360921223
87,1,87,1.0212438503901164,23.3890380859375,-46.679416020711265
88,1,88,1.020629604657491,24.010618209838867,-35.61188316345215
89,1,89,1.0215568542480469,22.983535766601562,-21.785621643066406
90,1,90,1.0200659831364949,24.64337158203125,-20.05637486775716
91,1,91,1.0203707615534465,24.524673461914062,-14.829968452453613
92,1,92,1.02073339621226,23.416982650756836,-20.79220708211263
93,1,93,1.0206219752629597,23.18280601501465,-36.88005542755127
94,1,94,1.0203158855438232,23.30003547668457,-64.02636337280273
95,1,95,1.0210636854171753,22.63306427001953,-21.24930254618327
96,1,96,1.0194196701049805,24.639619827270508,-16.46314811706543
97,1,97,1.0202909310658772,22.9818172454834,-27.69205315907796
98,1,98,1.0208576520284016,23.00315284729004,-14.085363705952963
99,1,99,1.020119031270345,23.28864860534668,-15.946952819824219
100,1,100,1.0191303491592407,24.021982192993164,-20.698452949523926
101,1,101,1.0191762049992878,23.879287719726562,-17.071912447611492
102,1,102,1.0190298954645793,23.566308975219727,-29.044569969177246
103,1,103,1.0183571974436443,25.243101119995117,-15.126421928405762
104,1,104,1.018623948097229,24.3736572265625,-14.918340047200521
105,1,105,1.0185459057490032,24.40382957458496,-14.36351490020752
106,1,106,1.0182955265045166,24.012794494628906,-18.74511782328288
107,1,107,1.018433650334676,24.032705307006836,-14.605814933776855
108,1,108,1.0185707012812297,23.234777450561523,-19.85269546508789
109,1,109,1.0181731780370076,24.266464233398438,-14.725320816040039
110,1,110,1.0181884765625,23.866525650024414,-14.333169937133789
111,1,111,1.0183703502019246,23.673551559448242,-13.697223981221518
112,1,112,1.0191845099131267,22.006790161132812,-22.45918146769206
113,1,113,1.0178699493408203,22.98259925842285,-50.32113488515218
114,1,114,1.0175776084264119,24.08501625061035,-14.09302043914795
115,1,115,1.0174480676651,23.43705177307129,-18.60988998413086
116,1,116,1.0179163217544556,22.485876083374023,-39.526964823404946
117,1,117,1.0167663097381592,24.3289852142334,-16.01033051808675
118,1,118,1.0173155864079793,22.89620018005371,-25.63869825998942
119,1,119,1.0170413255691528,23.353517532348633,-16.663728713989258
120,1,120,1.016532023747762,23.911317825317383,-17.050610542297363
121,1,121,1.0173481305440266,22.575180053710938,-18.82808526357015
122,1,122,1.0165419181187947,23.796354293823242,-14.061640421549479
123,1,123,1.0159662167231243,23.825536727905273,-23.032189051310223
124,1,124,1.016150712966919,23.166635513305664,-45.81807390848795
125,1,125,1.0162158807118733,23.330320358276367,-15.897165616353353
126,1,126,1.0161753098169963,22.843847274780273,-27.12423292795817
127,1,127,1.01616636912028,23.711942672729492,-13.933745384216309
128,1,128,1.0151502688725789,24.85015296936035,-14.757238705952963
129,1,129,1.0151293675104778,23.793184280395508,-25.250786781311035
130,1,130,1.0151189963022869,24.040956497192383,-15.004633585611979
131,1,131,1.0154627958933513,23.378278732299805,-19.53597100575765
132,1,132,1.015470306078593,22.676809310913086,-25.03896713256836
133,1,133,1.0147052605946858,23.5648136138916,-24.629004796346027
134,1,134,1.0152652661005657,22.58648109436035,-22.639007568359375
135,1,135,1.0142280260721843,24.4293270111084,-15.51298967997233
136,1,136,1.0138816038767497,24.623695373535156,-17.31890932718913
137,1,137,1.0142703453699748,23.47369956970215,-19.07885201772054
138,1,138,1.01464847723643,22.512832641601562,-32.061621030171715
139,1,139,1.0148684183756511,23.065183639526367,-13.559641520182291
140,1,140,1.0129982233047485,25.840599060058594,-17.592350641886394
141,1,141,1.013766606648763,23.094688415527344,-47.70412063598633
142,1,142,1.01357106367747,23.26920509338379,-31.20718256632487
143,1,143,1.0133089621861775,23.85597038269043,-17.929337819417317
144,1,144,1.0140398740768433,22.242448806762695,-22.270244280497234
145,1,145,1.0143757661183674,22.308652877807617,-16.412957191467285
146,1,146,1.0137644211451213,22.358154296875,-19.049763997395832
147,1,147,1.013165275255839,23.476356506347656,-14.18727175394694
148,1,148,1.0131799379984539,22.469879150390625,-38.29124927520752
149,1,149,1.013218879699707,22.36815643310547,-21.408653259277344
150,1,150,1.012545069058736,24.02195167541504,-13.926082293192545
151,1,151,1.0124210516611736,23.947349548339844,-13.603177388509115
152,1,152,1.011643687884013,24.88555908203125,-16.206210136413574
153,1,153,1.0126373767852783,22.41619110107422,-19.134100596110027
154,1,154,1.011634111404419,23.6033935546875,-131.47568130493164
155,1,155,1.0125133196512859,22.050514221191406,-22.73210271199544
156,1,156,1.0110601584116619,24.781824111938477,-17.87895615895589
157,1,157,1.0119442145029705,22.48053550720215,-21.773850440979004
158,1,158,1.0116489728291829,22.567167282104492,-37.51646582285563
159,1,159,1.0117547512054443,22.17949104309082,-32.24890740712484
160,1,160,1.0113778114318848,22.58855628967285,-28.464587847391766
161,1,161,1.0110105276107788,22.86203956604004,-78.42442989349365
162,1,162,1.0107486645380657,23.53586769104004,-16.75178877512614
163,1,163,1.0109239021937053,23.567853927612305,-13.496560096740723
164,1,164,1.0109825531641643,22.33927345275879,-22.802961667378742
165,1,165,1.0105337699254353,22.821365356445312,-26.312434832255047
166,1,166,1.010044535001119,23.8762149810791,-17.600610733032227
167,1,167,1.0106572310129802,22.210386276245117,-19.161937077840168
168,1,168,1.010405460993449,22.8844051361084,-14.253838857014975
169,1,169,1.009906808535258,22.833547592163086,-33.95812733968099
170,1,170,1.0100206136703491,23.529531478881836,-14.073830127716064
171,1,171,1.009362816810608,23.41454315185547,-50.22683461507162
172,1,172,1.0094115734100342,23.436052322387695,-18.022732098897297
173,1,173,1.0093563397725422,22.906694412231445,-26.008238156636555
174,1,174,1.0086497068405151,25.191972732543945,-17.197644869486492
175,1,175,1.009133219718933,22.5830020904541,-93.16651884714763
176,1,176,1.0089720487594604,23.29583168029785,-15.783159573872885
177,1,177,1.0086694955825806,23.299612045288086,-19.92527135213216
178,1,178,1.008629560470581,22.935880661010742,-24.00061861673991
179,1,179,1.0081979433695476,24.09236717224121,-17.520100911458332
180,1,180,1.0078679323196411,24.580469131469727,-20.265811602274578
181,1,181,1.0082714557647705,23.029762268066406,-16.286553064982098
182,1,182,1.0080567200978596,23.322908401489258,-15.32562255859375
183,1,183,1.0074502229690552,24.756017684936523,-17.081128120422363
184,1,184,1.0076295932133992,23.631263732910156,-16.834308624267578
185,1,185,1.007400671641032,24.85041618347168,-14.195762952168783
186,1,186,1.0077222188313801,22.294889450073242,-25.18565495808919
187,1,187,1.0068753163019817,25.28229522705078,-17.39939022064209
188,1,188,1.0068463881810505,24.500221252441406,-16.896347681681316
189,1,189,1.0069441397984822,23.25777244567871,-25.43205738067627
190,1,190,1.0063421328862507,25.419822692871094,-23.596167882283527
191,1,191,1.0069328149159749,22.623571395874023,-16.907253901163738
192,1,192,1.0068837404251099,22.230810165405273,-20.474419911702473
193,1,193,1.0067211786905925,22.11733055114746,-34.18288644154867
194,1,194,1.006327708562215,22.929771423339844,-28.078924814860027
195,1,195,1.0057943264643352,24.909807205200195,-19.49197260538737
196,1,196,1.0062490304311116,22.170412063598633,-39.74611314137777
197,1,197,1.0058482090632122,23.866243362426758,-14.06194273630778
198,1,198,1.0059462785720825,22.358224868774414,-20.38236904144287
199,1,199,1.0056676069895427,22.684450149536133,-31.694193840026855
200,1,200,1.0055705308914185,22.890748977661133,-16.917086283365887
201,3,0,0.973975658416748,22.3317813873291,-12.223231315612793
202,3,1,0.9726516604423523,23.11998176574707,-14.474522590637207
203,3,2,0.9699150125185648,23.07825469970703,-12.51953125
204,3,3,0.968227744102478,22.401451110839844,-13.14059066772461
205,3,4,0.9639922777811686,22.382417678833008,-12.416423002878824
206,3,5,0.9610275030136108,21.081634521484375,-25.485191027323406
207,3,6,0.9583652218182882,21.237760543823242,-78.49604384104411
208,3,7,0.956797460714976,23.181045532226562,-13.689716021219889
209,3,8,0.9533801476160685,22.586387634277344,-38.214687983194985
210,3,9,0.9475663503011068,21.307334899902344,-14.21225611368815
211,3,10,0.9467721780141195,22.82023048400879,-13.592549959818522
212,3,11,0.9408523639043173,21.707244873046875,-30.97694460550944
213,3,12,0.9379729827245077,21.56993293762207,-112.41292317708333
214,3,13,0.9308289686838785,21.353113174438477,-39.02110195159912
215,3,14,0.9298775394757589,23.142534255981445,-16.5114107131958
216,3,15,0.924385686715444,22.48938751220703,-12.411401748657227
217,3,16,0.9173034429550171,21.735559463500977,-11.681917190551758
218,3,17,0.9124592542648315,21.114839553833008,-196.12715752919516
219,3,18,0.9067531625429789,21.26988410949707,-18.375266075134277
220,3,19,0.8978230754534403,20.9229679107666,-11.273083368937174
221,3,20,0.8939744631449381,21.380821228027344,-15.441774368286133
222,3,21,0.8866569995880127,21.68023109436035,-13.281351089477539
223,3,22,0.880128006140391,20.688146591186523,-11.673659006754557
224,3,23,0.8737621903419495,22.206022262573242,-17.270866711934406
225,3,24,0.8561926285425822,18.997787475585938,-18.13869571685791
226,3,25,0.8519981702168783,19.970964431762695,-14.50262419382731
227,3,26,0.8391274809837341,19.384750366210938,-16.121649106343586
228,3,27,0.8262398640314738,18.63239097595215,-22.132829666137695
229,3,28,0.8252420425415039,21.06339454650879,-12.413012186686197
230,3,29,0.811413586139679,19.643043518066406,-16.692824363708496
231,3,30,0.793898324171702,18.474050521850586,-15.831834157307943
232,3,31,0.7859261433283488,19.697750091552734,-10.356060028076172
233,3,32,0.7596132953961691,18.27527618408203,-9.176233291625977
234,3,33,0.7542015314102173,18.240379333496094,-10.917048454284668
235,3,34,0.7362113197644552,17.994768142700195,-7.5370299021403
236,3,35,0.7102049589157104,16.428903579711914,-14.467852274576822
237,3,36,0.6862785816192627,15.526963233947754,-10.290182908376059
238,3,37,0.6689250270525614,15.555132865905762,-13.262860933939615
239,3,38,0.6512924432754517,15.510258674621582,-7.530246575673421
240,3,39,0.6191737850507101,14.713501930236816,-5.896048545837402
241,3,40,0.579321006933848,13.385621070861816,-5.842820485432942
242,3,41,0.5682869950930277,13.119601249694824,-7.7179873784383135
243,3,42,0.5387597680091858,12.50519847869873,-7.38098939259847
244,3,43,0.5114034016927084,12.457409858703613,-5.879348039627075
245,3,44,0.48732127745946247,11.647246360778809,-21.218317985534668
246,3,45,0.4590667486190796,11.971473693847656,-3.52458389600118
247,3,46,0.411649614572525,11.135376930236816,-2.2113524278004966
248,3,47,0.3651945988337199,9.332168579101562,-11.316977262496948
249,3,48,0.3349248270193736,9.341873168945312,-1.2896386782328289
250,3,49,0.28661224246025085,8.12331485748291,-1.5454416275024414
251,3,50,0.2341391791899999,7.174452304840088,-0.4868413209915161
252,3,51,0.19603713353474936,5.803625106811523,-0.3905435800552368
253,3,52,0.1456553985675176,5.168213844299316,0.17263362805048624
254,3,53,0.14836119363705316,5.0427727699279785,0.39568905035654706
255,3,54,0.10723144312699635,3.3088581562042236,-0.0827341874440511
256,3,55,0.11622096598148346,3.430043935775757,0.5023191968599955
257,3,56,0.12693450848261514,3.886352777481079,0.46856220563252765
258,3,57,0.18823722998301187,4.076610088348389,-0.15497493743896484
259,3,58,0.1401922603448232,3.342114210128784,0.6187596718470255
260,3,59,0.16649741431077322,4.052030086517334,0.5822684367497762
261,3,60,0.19149239361286163,4.076663494110107,-0.016453981399536133
262,3,61,0.14740686615308127,3.3927783966064453,0.34567757447560626
263,3,62,0.12381366391976674,3.133641481399536,0.5678868691126505
264,3,63,0.12585926800966263,3.4139316082000732,0.5162796775499979
265,3,64,0.12123666952053706,4.023386001586914,0.5689528783162435
266,3,65,0.12544409930706024,3.99359130859375,0.5934886733690897
267,3,66,0.13744310289621353,4.527359962463379,0.41078341007232666
268,3,67,0.10803134242693584,3.087392807006836,0.6416006684303284
269,3,68,0.15210053324699402,4.094018936157227,0.5916257500648499
270,3,69,0.12650961677233377,3.332561492919922,0.629433294137319
271,3,70,0.11431223154067993,3.08115291595459,0.40871115525563556
272,3,71,0.1297779381275177,3.26501202583313,0.10430709520975749
273,3,72,0.11939644813537598,3.096060037612915,0.663302501042684
274,3,73,0.12456296632687251,3.974921464920044,0.5552525719006857
275,3,74,0.11864519119262695,3.2691638469696045,0.6216583053270975
276,3,75,0.15141725788513818,3.9455182552337646,0.6193279425303141
277,3,76,0.15155538668235144,4.1735382080078125,0.5699940919876099
278,3,77,0.13225737462441126,3.513500928878784,0.4707036813100179
279,3,78,0.14361467957496643,3.4999301433563232,0.08949734767278035
280,3,79,0.14461993674437204,4.187328338623047,0.39048178990681964
281,3,80,0.15932478259007135,4.0175957679748535,0.6137045621871948
282,3,81,0.13123120615879694,3.5483152866363525,0.6130445996920267
283,3,82,0.1248048593600591,3.814518690109253,0.5664632519086202
284,3,83,0.1372499813636144,3.402996778488159,0.660528560479482
285,3,84,0.12208801259597142,3.108659029006958,0.43986694018046063
286,3,85,0.1263939986626307,3.242413282394409,0.45093458890914917
287,3,86,0.10364110954105854,2.77831768989563,0.45113110542297363
288,3,87,0.12890221426884332,3.3773014545440674,0.4627000093460083
289,3,88,0.11790001144011815,3.135573625564575,0.48542312781016034
290,3,89,0.10557238509257634,3.265866994857788,0.6611742575963339
291,3,90,0.12181507796049118,3.646336317062378,0.1605109175046285
292,3,91,0.11399931957324345,3.367655038833618,0.529217541217804
293,3,92,0.11567173153162003,3.1952550411224365,0.5916805068651835
294,3,93,0.14181878169377646,3.5517523288726807,0.625184158484141
295,3,94,0.11319713791211446,2.979910135269165,-0.09704029560089111
296,3,95,0.13297774891058603,3.340970993041992,0.5697052478790283
297,3,96,0.11514605581760406,3.2320899963378906,0.5522060791651408
298,3,97,0.12270690749088924,3.1871001720428467,0.598963220914205
299,3,98,0.11616184810797374,3.2898547649383545,0.5716959635416666
300,3,99,0.12239601959784825,3.2010765075683594,0.27367643515268963
301,3,100,0.10407304639617602,3.054776906967163,-0.4367271860440572
302,3,101,0.13211866468191147,3.4605352878570557,0.643721342086792
303,3,102,0.14548785984516144,3.8914966583251953,0.5841547250747681
304,3,103,0.12050018459558487,3.2752912044525146,0.06971247990926106
305,3,104,0.10607335592309634,3.0778706073760986,0.6456345518430074
306,3,105,0.11348180224498113,3.140352249145508,0.6189848581949869
307,3,106,0.1385625203450521,4.135959148406982,0.5049148797988892
308,3,107,0.13346916685501733,3.387526750564575,0.07995374997456868
309,3,108,0.17479687929153442,4.434542655944824,0.5701073805491129
310,3,109,0.13574238121509552,3.460111379623413,0.6284399429957072
311,3,110,0.11298306286334991,2.9059736728668213,0.6289570132891337
312,3,111,0.15724609047174454,3.759711503982544,0.38392194112141925
313,3,112,0.13396000862121582,4.043900012969971,0.5963803132375082
314,3,113,0.13961944729089737,3.8860089778900146,0.5981258948644003
315,3,114,0.13528140634298325,3.6199347972869873,0.33698248863220215
316,3,115,0.11609713236490886,3.894171714782715,0.5270443360010783
317,3,116,0.1368770052989324,3.517056703567505,0.22468759616216025
318,3,117,0.13247519234816232,3.999784469604492,0.5888426105181376
319,3,118,0.11860959976911545,3.117140769958496,0.00952768325805664
320,3,119,0.11345840742190678,3.1554949283599854,0.569053848584493
321,3,120,0.11558351914087932,3.34002947807312,0.5140853325525919
322,3,121,0.12058378010988235,3.477623701095581,0.5930382212003072
323,3,122,0.14075716336568198,4.055016994476318,0.6142804225285848
324,3,123,0.13576568911472955,4.136685848236084,0.5568206707636515
325,3,124,0.12360698481400807,3.188063859939575,0.44439371426900226
326,3,125,0.1423633098602295,3.8062989711761475,0.5169159571329752
327,3,126,0.12796769539515176,3.3405725955963135,0.6351247827212015
328,3,127,0.15132340043783188,3.583725929260254,0.3008202115694682
329,3,128,0.10849517335494359,2.845174789428711,0.7027547756830851
330,3,129,0.14861788600683212,3.6707763671875,0.16951215267181396
331,3,130,0.14431567738453546,4.046183109283447,0.5958551168441772
332,3,131,0.10528207818667094,2.856922149658203,0.558778723080953
333,3,132,0.11824556936820348,3.2363088130950928,0.5021584630012512
334,3,133,0.11372686922550201,3.271791458129883,-0.03830478588740031
335,3,134,0.1213831827044487,3.6040565967559814,0.6304227908452352
336,3,135,0.11328087002038956,3.0943145751953125,0.11984177430470784
337,3,136,0.12872239450613657,4.383823871612549,0.44837965567906696
338,3,137,0.1316204989949862,3.4075815677642822,0.6438191930452982
339,3,138,0.12537290900945663,3.3028600215911865,0.31554444630940753
340,3,139,0.11243047813574474,3.126917600631714,0.5755409399668375
341,3,140,0.12087429811557134,3.3466854095458984,-0.3726007541020711
342,3,141,0.11174587160348892,4.027987003326416,0.5063146352767944
343,3,142,0.10905745128790538,3.0720508098602295,0.6550697882970175
344,3,143,0.14262184500694275,4.232750415802002,0.5828138589859009
345,3,144,0.12031724800666173,3.243297576904297,0.3812498251597087
346,3,145,0.12616087744633356,3.5582876205444336,0.620684285958608
347,3,146,0.13828547795613608,4.009608745574951,0.6016976634661356
348,3,147,0.1294401834408442,3.2943203449249268,0.30452483892440796
349,3,148,0.13240455090999603,3.8748931884765625,0.6046551465988159
350,3,149,0.132710133989652,3.2633559703826904,-0.22484405835469565
351,3,150,0.14153063793977103,3.761323928833008,0.5531982580820719
352,3,151,0.11427382131417592,3.0082757472991943,0.5934477845827738
353,3,152,0.1678802619377772,4.025823593139648,0.5818365414937338
354,3,153,0.13299553592999777,3.370534658432007,0.5665538509686788
355,3,154,0.10417188952366511,2.935119390487671,0.551441470781962
356,3,155,0.13288480788469315,3.886195421218872,0.6092065175374349
357,3,156,0.11445956428845723,3.3813822269439697,0.5389513770739237
358,3,157,0.11905621240536372,3.203223466873169,0.16572952270507812
359,3,158,0.13433348387479782,4.023687362670898,0.6147582133611044
360,3,159,0.12453212092320125,3.3854644298553467,0.6317999561627706
361,3,160,0.11035261551539104,3.075537919998169,0.6900541385014852
362,3,161,0.11858122299114864,3.124807119369507,0.6082224448521932
363,3,162,0.15115431199471155,4.207348346710205,0.5368772347768148
364,3,163,0.12986607601245245,3.324828863143921,0.6515664259592692
365,3,164,0.1471191147963206,3.613294839859009,-1.3325304587682087
366,3,165,0.12081611156463623,3.5252914428710938,0.5362870494524637
367,3,166,0.13198267420132956,3.9052622318267822,0.5259400804837545
368,3,167,0.12468476096789043,3.50651478767395,0.6354794104894003
369,3,168,0.13189506034056345,3.8203933238983154,0.6220614711443583
370,3,169,0.13936677078406015,3.7184269428253174,0.42801304658253986
371,3,170,0.13134722908337912,3.3245534896850586,0.2783985137939453
372,3,171,0.14544940491517386,3.39286732673645,0.5026093522707621
373,3,172,0.1482465366522471,4.1559834480285645,0.5865492622057596
374,3,173,0.12852901965379715,3.5130136013031006,0.6472081939379374
375,3,174,0.1347163071235021,3.3096349239349365,0.365177849928538
376,3,175,0.13567216197649637,4.0145649909973145,0.445509672164917
377,3,176,0.12673403074344,4.076875686645508,0.5276825030644735
378,3,177,0.11941403895616531,3.087508201599121,0.6422977050145467
379,3,178,0.13278265297412872,3.53460955619812,0.5985610087712606
380,3,179,0.1466051290432612,3.956785202026367,0.5973817706108093
381,3,180,0.1345808207988739,3.954406976699829,0.5681812167167664
382,3,181,0.15297694504261017,3.657316207885742,0.5863041877746582
383,3,182,0.15160929163297018,3.716200828552246,0.5059301654497782
384,3,183,0.14086342851320902,3.3363139629364014,0.38071521123250324
385,3,184,0.14000757038593292,3.525885820388794,0.6078923543294271
386,3,185,0.1488701825340589,3.7548840045928955,0.47649312019348145
387,3,186,0.116689033806324,3.3007891178131104,0.6696759462356567
388,3,187,0.15224280456701914,3.5755481719970703,-0.23987090587615967
389,3,188,0.12259209901094437,3.226572036743164,0.579586903254191
390,3,189,0.13008708010117212,4.030620574951172,0.5759218335151672
391,3,190,0.12912954638401666,4.1588358879089355,0.30472105741500854
392,3,191,0.11831155170996983,3.193952798843384,0.4492603540420532
393,3,192,0.1314623753229777,3.938258409500122,-0.9368322292963663
394,3,193,0.11154645929733913,3.0381429195404053,0.45120807488759357
395,3,194,0.13392420609792074,4.151102066040039,0.5328983068466187
396,3,195,0.11050114780664444,3.0242621898651123,0.6674260894457499
397,3,196,0.16662550220886865,3.883908987045288,0.562646746635437
398,3,197,0.12687814235687256,3.8983001708984375,0.5623319943745931
399,3,198,0.1136048932870229,2.9080116748809814,0.6015481551488241
400,3,199,0.13027225931485495,3.2397892475128174,0.34221253792444867
401,3,200,0.14574892818927765,3.67802357673645,0.36545807123184204
402,5,0,1.0175265868504841,22.019601821899414,-23.859089533487957
403,5,1,1.0144810676574707,22.355684280395508,-17.59711488087972
404,5,2,1.0111391146977742,24.617673873901367,-23.406250953674316
405,5,3,1.0099063714345295,22.58172035217285,-16.78070894877116
406,5,4,1.008000095685323,24.32753562927246,-18.50319830576579
407,5,5,1.007037878036499,23.001930236816406,-61.10148080190023
408,5,6,1.006077766418457,23.038116455078125,-16.923011779785156
409,5,7,1.0051731665929158,23.3809757232666,-14.093570709228516
410,5,8,1.004319389661153,23.503921508789062,-14.712291399637857
411,5,9,1.0034993886947632,24.282472610473633,-15.572203954060873
412,5,10,1.002945105234782,23.67560577392578,-14.34756882985433
413,5,11,1.0023486614227295,23.639299392700195,-13.315779209136963
414,5,12,1.00172225634257,22.80592918395996,-58.73335552215576
415,5,13,1.0009913841883342,22.848403930664062,-31.937488238016766
416,5,14,1.0002017815907795,23.15373992919922,-14.25708039601644
417,5,15,0.9992603460947672,21.790725708007812,-17.6762851079305
418,5,16,0.998486320177714,23.378320693969727,-15.52937094370524
419,5,17,0.9974736372629801,23.261459350585938,-14.26000722249349
420,5,18,0.9961651563644409,21.582433700561523,-15.81617546081543
421,5,19,0.9958645701408386,23.478513717651367,-43.11230977376302
422,5,20,0.9951798319816589,22.607994079589844,-43.5929339726766
423,5,21,0.9948059519131979,23.86651611328125,-15.366315205891928
424,5,22,0.9940388997395834,22.28607177734375,-84.21158027648926
425,5,23,0.9936982194582621,23.48700523376465,-15.5203275680542
426,5,24,0.9930680990219116,23.588525772094727,-13.304410298665365
427,5,25,0.9929943283398946,24.097742080688477,-43.28002325693766
428,5,26,0.9923983613650004,23.59038734436035,-37.41725126902262
429,5,27,0.9916468858718872,23.409347534179688,-16.704463005065918
430,5,28,0.9905533393224081,21.656890869140625,-21.274176279703777
431,5,29,0.9911032915115356,24.32575798034668,-22.039252599080402
432,5,30,0.9898097713788351,22.216970443725586,-19.64470672607422
433,5,31,0.9892422954241434,22.088144302368164,-23.614969889322918
434,5,32,0.989123006661733,22.617706298828125,-193.05890019734701
435,5,33,0.9888351162274679,23.3569278717041,-19.88552125295003
436,5,34,0.9878330230712891,22.463884353637695,-17.81039810180664
437,5,35,0.9876212477684021,23.399545669555664,-13.644519488016764
438,5,36,0.9872433344523112,23.72822380065918,-13.499963760375977
439,5,37,0.986136794090271,22.337453842163086,-16.051811536153156
440,5,38,0.9853923916816711,21.700464248657227,-38.146447817484535
441,5,39,0.9857285817464193,23.621971130371094,-14.599880536397299
442,5,40,0.9851790467898051,24.283601760864258,-13.927175839742025
443,5,41,0.9836206436157227,22.090368270874023,-13.59522533416748
444,5,42,0.983913004398346,22.77433967590332,-17.469208399454754
445,5,43,0.9834580421447754,23.420984268188477,-13.635558128356934
446,5,44,0.98370228211085,24.056259155273438,-18.51115353902181
447,5,45,0.9821675022443136,22.210205078125,-77.41624927520752
448,5,46,0.9818067948023478,23.135587692260742,-14.691133181254068
449,5,47,0.9806696772575378,22.761648178100586,-12.936421394348145
450,5,48,0.9813207387924194,23.58610725402832,-16.067405700683594
451,5,49,0.9809209108352661,23.81138801574707,-16.691043217976887
452,5,50,0.9785800178845724,21.439958572387695,-40.352722803751625
453,5,51,0.9776601990063986,21.440824508666992,-17.04449717203776
454,5,52,0.9786455233891805,23.4218692779541,-13.30789566040039
455,5,53,0.9771519104639689,21.9829158782959,-16.2227725982666
456,5,54,0.9772584239641825,22.20610237121582,-56.23287391662598
457,5,55,0.9757052659988403,21.400123596191406,-47.64796257019043
458,5,56,0.9766198794047037,23.469215393066406,-13.814756711324057
459,5,57,0.9740402499834696,21.106462478637695,-36.633374532063804
460,5,58,0.9746825893719991,23.081314086914062,-12.68109385172526
461,5,59,0.975412925084432,23.566125869750977,-16.180213292439777
462,5,60,0.9746484359105428,22.881118774414062,-72.16632016499837
463,5,61,0.9736718535423279,22.653581619262695,-25.938581466674805
464,5,62,0.9726261099179586,23.752309799194336,-13.125290393829346
465,5,63,0.9719283779462179,22.026809692382812,-52.24944337209066
466,5,64,0.971446673075358,22.609079360961914,-14.697745005289713
467,5,65,0.9703707893689474,22.730682373046875,-12.50204054514567
468,5,66,0.9697528680165609,22.2194766998291,-14.630786895751953
469,5,67,0.9688724676767985,21.65348243713379,-29.623534838358562
470,5,68,0.9704243540763855,23.359270095825195,-24.532823880513508
471,5,69,0.9693452715873718,23.34735870361328,-14.560362180074057
472,5,70,0.9673005739847819,21.91713523864746,-22.876797040303547
473,5,71,0.966539720694224,22.055540084838867,-14.930728276570639
474,5,72,0.9659921725591024,22.469017028808594,-13.325824101765951
475,5,73,0.9663839737574259,22.38408851623535,-43.001438776652016
476,5,74,0.9653716882069906,22.22748374938965,-23.36560344696045
477,5,75,0.9625450174013773,21.326845169067383,-15.891228993733725
478,5,76,0.9631541967391968,21.51938819885254,-58.58687051137289
479,5,77,0.9632022976875305,22.367700576782227,-14.402935663859049
480,5,78,0.9606479008992513,20.932180404663086,-82.84183597564697
481,5,79,0.9599816799163818,21.3807373046875,-15.161322911580404
482,5,80,0.9607376257578532,22.7331600189209,-12.271438121795654
483,5,81,0.9608164628346761,22.836103439331055,-20.200019200642902
484,5,82,0.9614811142285665,23.43718719482422,-14.594355583190918
485,5,83,0.9566428462664286,20.806398391723633,-23.776526769002277
486,5,84,0.9574519395828247,21.405717849731445,-27.919141451517742
487,5,85,0.9583065311113993,22.502222061157227,-14.647972106933594
488,5,86,0.9561396638552347,21.745580673217773,-15.111791928609213
489,5,87,0.9549982150395712,21.378904342651367,-18.081464449564617
490,5,88,0.9562618931134542,22.988037109375,-13.696866035461426
491,5,89,0.9542217453320821,22.16396141052246,-12.899712562561035
492,5,90,0.9540789127349854,21.728378295898438,-26.937939008076984
493,5,91,0.9534074068069458,21.727075576782227,-27.838871002197266
494,5,92,0.9554014603296915,23.60951042175293,-16.003419558207195
495,5,93,0.9522741238276163,21.854299545288086,-28.934929529825848
496,5,94,0.9521481394767761,22.810453414916992,-13.487119992574057
497,5,95,0.9504385590553284,22.267404556274414,-13.069465637207031
498,5,96,0.9502426385879517,21.797372817993164,-49.572264671325684
499,5,97,0.9477030038833618,21.420928955078125,-16.612081209818523
500,5,98,0.9494126836458842,22.654279708862305,-14.798008918762207
501,5,99,0.9482720692952474,21.88486671447754,-47.289210637410484
502,5,100,0.9468120336532593,21.709991455078125,-22.938955624898274
503,5,101,0.9451904694239298,21.265504837036133,-34.07909838358561
504,5,102,0.9434176882108053,20.888370513916016,-40.4775644938151
505,5,103,0.9454455375671387,22.2918701171875,-16.34344259897868
506,5,104,0.9425568381945292,21.772409439086914,-14.842018763224283
507,5,105,0.9424599806467692,21.323591232299805,-46.93814754486084
508,5,106,0.9416127800941467,21.250192642211914,-86.1634127298991
509,5,107,0.9429489970207214,22.05411720275879,-54.757734298706055
510,5,108,0.940336287021637,21.702375411987305,-16.372503598531086
511,5,109,0.9399940570195516,21.5224552154541,-52.408692359924316
512,5,110,0.9393929839134216,21.8027400970459,-19.974154472351074
513,5,111,0.9410316745440165,22.903406143188477,-18.426049550374348
514,5,112,0.9384002089500427,22.39202117919922,-13.477749188741049
515,5,113,0.9384586811065674,22.404556274414062,-16.679853439331055
516,5,114,0.9343620936075846,21.162147521972656,-19.29013442993164
517,5,115,0.935330867767334,22.0866756439209,-13.482117970784506
518,5,116,0.9331388076146444,21.0570011138916,-69.18233489990234
519,5,117,0.9300374388694763,20.690261840820312,-17.888227144877117
520,5,118,0.9316241145133972,21.221845626831055,-24.89081796010335
521,5,119,0.9356371760368347,23.139846801757812,-22.721872329711914
522,5,120,0.9314170479774475,22.077470779418945,-14.080219268798828
523,5,121,0.9254027009010315,20.22946548461914,-25.094273885091145
524,5,122,0.9271190961201986,20.820558547973633,-26.49676767985026
525,5,123,0.9254994988441467,20.65287971496582,-23.706821123758953
526,5,124,0.9254574179649353,20.968584060668945,-18.66071669260661
527,5,125,0.926481823126475,21.80499839782715,-13.873494148254395
528,5,126,0.9211294651031494,20.32265281677246,-18.117111841837566
529,5,127,0.9244078199068705,21.177879333496094,-55.48012161254883
530,5,128,0.9228071173032125,21.073122024536133,-25.897235870361328
531,5,129,0.9236223101615906,21.837297439575195,-15.942341804504395
532,5,130,0.9158051808675131,19.823598861694336,-38.106746673583984
533,5,131,0.9204806486765543,21.111892700195312,-29.35593859354655
534,5,132,0.9200195868810018,21.696889877319336,-12.943560918172201
535,5,133,0.9199861486752828,21.4442195892334,-29.465593655904133
536,5,134,0.9165835777918497,20.864761352539062,-23.466055552164715
537,5,135,0.9169395565986633,21.090377807617188,-29.621891339619953
538,5,136,0.9165871540705363,21.778419494628906,-15.606035868326822
539,5,137,0.915115237236023,21.35157585144043,-15.914957046508789
540,5,138,0.9160453279813131,21.946088790893555,-15.06554094950358
541,5,139,0.9133039116859436,21.10740852355957,-27.301140149434406
542,5,140,0.9141842325528463,22.36981773376465,-12.167856534322103
543,5,141,0.9126083254814148,21.52950096130371,-17.82636896769206
544,5,142,0.9052785237630209,20.145545959472656,-16.032202402750652
545,5,143,0.9119389057159424,22.127824783325195,-14.388041178385416
546,5,144,0.9089266061782837,21.198816299438477,-21.610865592956543
547,5,145,0.9064604838689169,21.250877380371094,-13.754823684692383
548,5,146,0.9030871987342834,20.2806339263916,-25.227749824523926
549,5,147,0.9017427961031595,21.110437393188477,-11.692212581634521
550,5,148,0.9072307348251343,21.86826515197754,-18.160420099894207
551,5,149,0.9004907806714376,20.378280639648438,-19.359936078389484
552,5,150,0.9042113224665324,21.546188354492188,-17.15591812133789
553,5,151,0.8951943119366964,19.871992111206055,-15.503471692403158
554,5,152,0.8991605440775553,21.08717918395996,-13.344062487284342
555,5,153,0.8988633354504904,20.61414337158203,-207.1547524134318
556,5,154,0.893829882144928,19.865995407104492,-43.05520057678223
557,5,155,0.8986178437868754,21.58562660217285,-13.244274775187174
558,5,156,0.8946871956189474,20.43268394470215,-36.3056058883667
559,5,157,0.8970830837885538,21.860017776489258,-12.542728106180826
560,5,158,0.8915453751881918,20.512834548950195,-14.054836908976236
561,5,159,0.894114355246226,21.629623413085938,-11.947772026062012
562,5,160,0.8983331322669983,22.90390968322754,-14.187940915425619
563,5,161,0.8941052556037903,21.640783309936523,-17.208507855733234
564,5,162,0.8841023643811544,19.687217712402344,-23.1434965133667
565,5,163,0.8895520170529684,20.882951736450195,-20.795881271362305
566,5,164,0.8858058651288351,21.663110733032227,-14.382310549418131
567,5,165,0.885736882686615,21.17392349243164,-11.299481074015299
568,5,166,0.8852201898892721,20.7529296875,-15.321630477905273
569,5,167,0.8903252879778544,22.06352996826172,-24.059486707051594
570,5,168,0.8876994053522745,22.063928604125977,-14.046233177185059
571,5,169,0.8797733187675476,20.22313690185547,-18.603146235148113
572,5,170,0.8789297342300415,20.08186912536621,-35.12077681223551
573,5,171,0.8760842084884644,19.8161563873291,-24.670082410176594
574,5,172,0.8751835425694784,20.160947799682617,-13.139422416687012
575,5,173,0.8750567634900411,20.126020431518555,-19.026309967041016
576,5,174,0.879893938700358,21.464406967163086,-13.951617876688639
577,5,175,0.8679023782412211,19.386581420898438,-16.446735382080078
578,5,176,0.8738686045010885,20.23811912536621,-39.89543883005778
579,5,177,0.8751386602719625,21.2498722076416,-12.781410217285156
580,5,178,0.8709865013758341,20.348108291625977,-16.809922218322754
581,5,179,0.8693289955457052,20.46921157836914,-13.042251269022623
582,5,180,0.8615968028704325,19.154098510742188,-24.74697971343994
583,5,181,0.8715121348698934,21.63286590576172,-11.507429440816244
584,5,182,0.8604625463485718,19.5396671295166,-15.183435757954916
585,5,183,0.8636079430580139,19.843931198120117,-40.127379735310875
586,5,184,0.8613424698511759,20.087100982666016,-12.727090199788412
587,5,185,0.8569866220156351,19.365156173706055,-16.702240308125813
588,5,186,0.8487567901611328,18.508047103881836,-19.840362230936687
589,5,187,0.8576906323432922,19.89671516418457,-15.59273910522461
590,5,188,0.8604310353597006,21.16997718811035,-10.83244546254476
591,5,189,0.8556842009226481,19.892122268676758,-15.561632792154947
592,5,190,0.8535140951474508,19.623273849487305,-19.700066248575848
593,5,191,0.853337566057841,19.62605094909668,-38.89122041066488
594,5,192,0.8484968543052673,19.643102645874023,-11.840609868367514
595,5,193,0.8546059131622314,20.688199996948242,-13.048198064168295
596,5,194,0.8461495836575826,19.216148376464844,-18.912188212076824
597,5,195,0.8509777188301086,19.96904945373535,-33.836002349853516
598,5,196,0.8468505541483561,20.561111450195312,-10.215911706288656
599,5,197,0.8390883406003317,18.769487380981445,-19.779544512430828
600,5,198,0.8464024066925049,20.118701934814453,-13.714045524597168
601,5,199,0.8444375793139139,20.572128295898438,-10.235578378041586
602,5,200,0.8411312898000082,20.216455459594727,-9.900850137074789
603,7,0,1.0375823179880779,23.4103946685791,-42.71785926818848
604,7,1,1.0336110989252727,24.47580909729004,-18.42211087544759
605,7,2,1.0307281812032063,25.257169723510742,-17.727802912394207
606,7,3,1.0292373100916545,24.180063247680664,-26.096181869506836
607,7,4,1.026726206143697,24.66667366027832,-18.433500289916992
608,7,5,1.0246965090433757,25.736648559570312,-17.117860158284504
609,7,6,1.02449897925059,22.654579162597656,-23.71313730875651
610,7,7,1.022905667622884,23.2235164642334,-15.511828422546387
611,7,8,1.0217478275299072,22.992401123046875,-15.599307696024576
612,7,9,1.0206684668858845,22.49204444885254,-24.632089614868164
613,7,10,1.0182658433914185,24.76639747619629,-16.07973575592041
614,7,11,1.0176693201065063,24.156641006469727,-15.586689631144205
615,7,12,1.0169270833333333,24.000207901000977,-14.695130983988443
616,7,13,1.0164477825164795,23.268835067749023,-17.456204096476238
617,7,14,1.0162593921025593,22.08619499206543,-32.50281969706217
618,7,15,1.0150445699691772,23.251501083374023,-15.223502477010092
619,7,16,1.014484127362569,22.65483283996582,-84.83432960510254
620,7,17,1.013562758763631,23.219383239746094,-53.14317480723063
621,7,18,1.01302703221639,23.887929916381836,-15.234019915262857
622,7,19,1.0132556358973186,22.0718994140625,-20.581074078877766
623,7,20,1.0118679602940877,24.160446166992188,-16.98570664723714
624,7,21,1.0114283561706543,23.925771713256836,-18.731234232584637
625,7,22,1.0108602046966553,24.600601196289062,-16.186413447062176
626,7,23,1.0107641220092773,23.070404052734375,-156.45228417714438
627,7,24,1.0105070273081462,23.508468627929688,-13.658012390136719
628,7,25,1.0101054906845093,22.66585350036621,-37.04039796193441
629,7,26,1.0097248156865437,22.732561111450195,-20.444583892822266
630,7,27,1.0095726251602173,22.296560287475586,-17.69055461883545
631,7,28,1.0088577270507812,23.468671798706055,-14.635090827941895
632,7,29,1.0083984931310017,23.06306266784668,-18.32826042175293
633,7,30,1.0081217288970947,22.438735961914062,-27.655821482340496
634,7,31,1.0077192385991414,22.294321060180664,-82.71672916412354
635,7,32,1.0067665576934814,24.412857055664062,-23.93348280588786
636,7,33,1.006839354832967,22.817893981933594,-18.456178029378254
637,7,34,1.006466309229533,22.376691818237305,-39.877336502075195
638,7,35,1.005948503812154,22.959653854370117,-20.730122248331707
639,7,36,1.0056222279866536,22.498313903808594,-24.141173044840496
640,7,37,1.005154808362325,22.279226303100586,-261.53587373097736
641,7,38,1.0044532616933186,22.86796760559082,-18.18093967437744
642,7,39,1.0034759442011516,24.99070167541504,-16.84330876668294
643,7,40,1.0031384229660034,22.107589721679688,-18.00607713063558
644,7,41,1.0024840037027996,22.792387008666992,-16.588064829508465
645,7,42,1.0019666751225789,23.04186248779297,-14.153470675150553
646,7,43,1.001444419225057,22.664670944213867,-52.5199400583903
647,7,44,1.0008748372395833,25.007638931274414,-17.462727864583332
648,7,45,1.0002296169598897,22.374780654907227,-57.57994842529297
649,7,46,0.9993953108787537,23.198867797851562,-15.195036888122559
650,7,47,0.9983843366305033,21.93534278869629,-34.64560127258301
651,7,48,0.9973667661348978,23.03125,-15.985006332397461
652,7,49,0.9963109095891317,23.517929077148438,-17.88495127360026
653,7,50,0.9947891434033712,22.853113174438477,-20.82604440053304
654,7,51,0.9929503997166952,22.874237060546875,-14.469671567281088
655,7,52,0.9904787937800089,21.58021354675293,-21.867135683695476
656,7,53,0.9877222379048666,21.7756404876709,-19.65154488881429
657,7,54,0.9846099416414896,22.385549545288086,-15.27891476949056
658,7,55,0.980837364991506,23.51750373840332,-16.221789995829266
659,7,56,0.9743948181470236,23.055383682250977,-14.49976666768392
660,7,57,0.9655993580818176,22.104875564575195,-14.177591323852539
661,7,58,0.9571180740992228,23.46347999572754,-15.45905844370524
662,7,59,0.9416196346282959,21.02911949157715,-30.212306022644043
663,7,60,0.9248377879460653,21.92421531677246,-16.509892145792644
664,7,61,0.9007100661595663,20.826936721801758,-12.877490361531576
665,7,62,0.8677841226259867,19.309350967407227,-42.35390249888102
666,7,63,0.8353866140047709,19.6781063079834,-41.52709356943766
667,7,64,0.7997774481773376,20.600568771362305,-14.023212750752768
668,7,65,0.7435751557350159,18.57332420349121,-10.671671231587728
669,7,66,0.6672845880190531,16.567893981933594,-7.186761856079102
670,7,67,0.5854789813359579,14.93133544921875,-5.49916934967041
671,7,68,0.4786200722058614,12.704920768737793,-3.2359522183736167
672,7,69,0.3376315236091614,9.265149116516113,-1.4791244665781658
673,7,70,0.20550505816936493,6.2978692054748535,-0.6790254314740499
674,7,71,0.13495568682750067,4.111827373504639,0.5623193780581156
675,7,72,0.2146018991867701,4.76092004776001,0.42380644877751666
676,7,73,0.2665039698282878,5.793663024902344,-1.859242836634318
677,7,74,0.22403710583845773,4.975706577301025,0.35355472564697266
678,7,75,0.1666922320922216,3.7582082748413086,0.583275556564331
679,7,76,0.12039783348639806,4.0165252685546875,0.5562116106351217
680,7,77,0.11036832382281621,3.3761212825775146,0.46782128016153973
681,7,78,0.1117211605111758,3.6431491374969482,0.5352898836135864
682,7,79,0.11899309108654658,3.691835403442383,0.5543720920880636
683,7,80,0.12903861701488495,4.024875164031982,0.5019302368164062
684,7,81,0.13284566501776376,3.370518445968628,0.42867596944173175
685,7,82,0.17017888526121774,3.757087469100952,-0.7339384953180949
686,7,83,0.14895300070444742,3.5773508548736572,0.44079981247584027
687,7,84,0.14754469692707062,3.9916763305664062,0.6191012461980184
688,7,85,0.1257686788837115,3.3661201000213623,0.5602492888768514
689,7,86,0.12165344258149464,3.7382495403289795,0.6570662458737692
690,7,87,0.1127910887201627,3.039156913757324,0.6297940015792847
691,7,88,0.11344143003225327,2.969172716140747,0.6415813565254211
692,7,89,0.11515141030152638,3.0612919330596924,0.3081981937090556
693,7,90,0.12714057664076486,3.724367141723633,0.6004816889762878
694,7,91,0.11100342124700546,3.4602081775665283,0.49793432156244916
695,7,92,0.13446885844071707,3.6125364303588867,0.6462065577507019
696,7,93,0.13261622190475464,3.2405827045440674,0.5171772042910258
697,7,94,0.1453833058476448,3.5132572650909424,-0.9513094226519266
698,7,95,0.12410979966322581,3.568692445755005,0.5778782765070597
699,7,96,0.13471185167630514,3.9515151977539062,0.5533498724301656
700,7,97,0.12176150580247243,3.7835512161254883,0.5233535369237264
701,7,98,0.13589364290237427,3.8895442485809326,0.6145781874656677
702,7,99,0.14777184277772903,3.8381259441375732,0.6473413904507955
703,7,100,0.1414538249373436,4.091067790985107,0.5705773830413818
704,7,101,0.12940183530251184,3.1523196697235107,0.5824422240257263
705,7,102,0.14600456754366556,3.4730608463287354,0.3478042284647624
706,7,103,0.1357460469007492,3.5542423725128174,0.1261027455329895
707,7,104,0.1267000213265419,3.554222822189331,0.6075041890144348
708,7,105,0.11962194740772247,3.2901127338409424,0.6446263988812765
709,7,106,0.11679496616125107,3.140855550765991,0.5158997774124146
710,7,107,0.11299860725800197,3.794954538345337,0.6103295485178629
711,7,108,0.11784618844588597,3.211266279220581,0.5522432128588358
712,7,109,0.119184876481692,3.182464838027954,0.6561746597290039
713,7,110,0.13463526715834936,3.877026319503784,0.585483193397522
714,7,111,0.10748765369256337,3.05720591545105,-0.12411109606424968
715,7,112,0.13606745998064676,3.267852544784546,0.2516845464706421
716,7,113,0.12624341746171316,3.306061029434204,0.6458040873209635
717,7,114,0.11502853035926819,3.0283517837524414,0.6921555002530416
718,7,115,0.12280155469973882,3.5961616039276123,0.608238160610199
719,7,116,0.12378338972727458,3.9241809844970703,0.6098942955334982
720,7,117,0.1419458488623301,3.3554391860961914,-1.7521277070045471
721,7,118,0.13073962181806564,3.4620285034179688,0.5671155452728271
722,7,119,0.1185188889503479,3.2136354446411133,0.6224802533785502
723,7,120,0.11203838139772415,3.0908424854278564,0.5375519394874573
724,7,121,0.12309421102205913,3.2549943923950195,0.6871117353439331
725,7,122,0.12835834920406342,3.1846673488616943,0.6302985946337382
726,7,123,0.13642639418443045,3.402703285217285,0.6438844799995422
727,7,124,0.14790467421213785,3.625300407409668,-0.7242808739344279
728,7,125,0.11281618724266688,3.0698587894439697,0.3359517455101013
729,7,126,0.10937379548947017,2.96978497505188,0.3091135819753011
730,7,127,0.12373265375693639,4.047563552856445,0.5906015833218893
731,7,128,0.11330190549294154,3.792257308959961,0.5772288044293722
732,7,129,0.11639110247294109,3.3914458751678467,0.584574023882548
733,7,130,0.1162492831548055,3.7850563526153564,0.5750638445218405
734,7,131,0.12464631845553716,3.5372493267059326,0.5798954168955485
735,7,132,0.15045919517676035,3.6802151203155518,0.5570446054140726
736,7,133,0.15510636568069458,3.7311031818389893,0.5769491990407308
737,7,134,0.1432257667183876,3.5589466094970703,0.5976248780886332
738,7,135,0.13351787130037943,3.205857038497925,-0.1269166866938273
739,7,136,0.1320406123995781,3.9228897094726562,0.628588080406189
740,7,137,0.12618282934029898,3.918126344680786,0.5430742502212524
741,7,138,0.11189213395118713,3.5358402729034424,0.5230873425801595
742,7,139,0.11770343532164891,3.101320266723633,0.2929312586784363
743,7,140,0.14106829464435577,3.6676130294799805,0.644569476445516
744,7,141,0.10837167253096898,2.7494428157806396,0.7035248279571533
745,7,142,0.12835340201854706,3.2072651386260986,0.6634953220685323
746,7,143,0.12036276360352834,3.1824474334716797,0.5263061126073202
747,7,144,0.11421355605125427,3.8302714824676514,0.5652968883514404
748,7,145,0.11092974990606308,3.030596971511841,0.6389369368553162
749,7,146,0.11593004564444225,3.157094717025757,0.5275779167811075
750,7,147,0.1250443309545517,3.875859022140503,0.5223740537961324
751,7,148,0.12579675515492758,3.1945292949676514,0.48052390416463214
752,7,149,0.12978989134232202,3.204101324081421,0.3150021433830261
753,7,150,0.13752301037311554,3.2914750576019287,-6.108346263567607
754,7,151,0.12382349620262782,3.244976043701172,0.40989774465560913
755,7,152,0.17459576576948166,4.021825790405273,0.5909587343533834
756,7,153,0.1207473377386729,3.97826886177063,0.6101906696955363
757,7,154,0.1087497149904569,3.4303064346313477,0.6298574606577555
758,7,155,0.13372702648242316,3.4572906494140625,0.5926313201586405
759,7,156,0.11379626890023549,2.923980951309204,-0.2759370803833008
760,7,157,0.1279150644938151,3.1697728633880615,0.6164557933807373
761,7,158,0.13105849673350653,3.2771968841552734,0.6620136896769205
762,7,159,0.12775973478953043,3.2717859745025635,-0.6434971491495768
763,7,160,0.10793089866638184,2.999720573425293,0.4340161283810933
764,7,161,0.13684685776631036,3.5778744220733643,0.3414325515429179
765,7,162,0.11684937278429668,4.084252834320068,0.5961383382479349
766,7,163,0.10548913230498631,3.827172040939331,0.4676094651222229
767,7,164,0.11584656437238057,3.3680286407470703,0.45487505197525024
768,7,165,0.12022960186004639,3.7515971660614014,0.6109492977460226
769,7,166,0.16093760977188745,3.7974853515625,0.46704719463984173
770,7,167,0.18073258300622305,3.839984178543091,-2.582699179649353
771,7,168,0.13515342772006989,3.3345956802368164,0.6077081759770712
772,7,169,0.13022254407405853,3.4294378757476807,0.6510435541470846
773,7,170,0.1359446793794632,4.007072925567627,0.5589767694473267
774,7,171,0.13205245633920035,3.656209707260132,0.6451126337051392
775,7,172,0.1310585712393125,4.204280376434326,0.5270767410596212
776,7,173,0.15290566285451254,3.7319228649139404,0.653280774752299
777,7,174,0.15128356715043387,3.6152515411376953,0.22242405017217
778,7,175,0.13082035879294077,3.2770233154296875,0.648820161819458
779,7,176,0.14227563639481863,3.511934995651245,0.6579435666402181
780,7,177,0.11978218207756679,3.1210052967071533,0.691321074962616
781,7,178,0.11957737803459167,3.778169870376587,0.5840848882993063
782,7,179,0.12295745809872945,3.241842269897461,0.645601729551951
783,7,180,0.15637599428494772,3.942532539367676,0.6219914555549622
784,7,181,0.14558067421118417,3.6332216262817383,0.419647475083669
785,7,182,0.1351072539885839,3.314910888671875,0.6283326943715414
786,7,183,0.13307658086220422,3.534240961074829,0.5045352975527445
787,7,184,0.11990585426489513,3.1827847957611084,0.5021917819976807
788,7,185,0.10087822626034419,2.891467809677124,0.6553177038828532
789,7,186,0.09596214940150578,2.793956756591797,0.6101298332214355
790,7,187,0.12093534568945567,4.094980716705322,0.6038003365198771
791,7,188,0.11148336778084438,3.0513484477996826,0.5892043908437093
792,7,189,0.1107814684510231,3.5181827545166016,0.6385381023089091
793,7,190,0.12210136900345485,3.2197742462158203,0.5279281338055929
794,7,191,0.1285468116402626,3.239727020263672,0.4520706534385681
795,7,192,0.12335175275802612,3.867190361022949,0.5805610020955404
796,7,193,0.11039898792902629,3.046373128890991,0.549635648727417
797,7,194,0.11145016302665074,3.1000521183013916,0.6557316382726034
798,7,195,0.12150708585977554,3.1959521770477295,0.5679157376289368
799,7,196,0.11110897113879521,3.0175230503082275,0.2937172253926595
800,7,197,0.12611210842927298,3.2852084636688232,0.6064713795979818
801,7,198,0.12095383057991664,3.311202049255371,0.66427214940389
802,7,199,0.1632994438211123,4.082072734832764,0.6318977872530619
803,7,200,0.16214430580536524,3.8207340240478516,0.43765244881312054
804,9,0,1.012040615081787,22.79419708251953,-29.878240903218586
805,9,1,1.0052859783172607,24.090713500976562,-17.975623448689777
806,9,2,1.0010144710540771,21.3410587310791,-40.35923194885254
807,9,3,0.9962972203890482,24.36994171142578,-39.3140754699707
808,9,4,0.9918609261512756,21.81608772277832,-23.726193110148113
809,9,5,0.9868729114532471,22.153696060180664,-29.39468542734782
810,9,6,0.9807955423990885,22.270051956176758,-37.02839374542236
811,9,7,0.974944531917572,21.560522079467773,-20.216421445210774
812,9,8,0.9687257011731466,22.425477981567383,-177.49369366963705
813,9,9,0.9620699683825175,23.052881240844727,-13.53942584991455
814,9,10,0.9531729221343994,21.454442977905273,-19.924113909403484
815,9,11,0.9431537389755249,21.17938232421875,-18.239473342895508
816,9,12,0.9360048770904541,21.3692569732666,-53.118401845296226
817,9,13,0.9266179005304972,22.507810592651367,-12.717067082722982
818,9,14,0.9159956177075704,21.72020721435547,-11.691068967183432
819,9,15,0.9027252395947775,21.89361000061035,-12.265913645426432
820,9,16,0.8875783284505209,20.067434310913086,-24.514256795247395
821,9,17,0.8700710535049438,19.039819717407227,-18.01271375020345
822,9,18,0.8564189672470093,19.956157684326172,-80.03908348083496
823,9,19,0.8358479936917623,19.935400009155273,-10.828906059265137
824,9,20,0.8129910429318746,19.445892333984375,-9.759095509847006
825,9,21,0.793463945388794,19.991416931152344,-11.862519264221191
826,9,22,0.7593538562456766,18.589862823486328,-8.990723609924316
827,9,23,0.7144607901573181,15.949488639831543,-8.734359741210938
828,9,24,0.6825898090998331,15.753893852233887,-15.268106460571289
829,9,25,0.6501776973406473,16.023584365844727,-6.146276473999023
830,9,26,0.5943080385526022,14.320460319519043,-7.002877394358317
831,9,27,0.526644100745519,13.889803886413574,-4.138158321380615
832,9,28,0.47260692715644836,11.699719429016113,-5.3850399653116865
833,9,29,0.4065588315327962,10.125945091247559,-7.798048734664917
834,9,30,0.3151596188545227,7.99604606628418,-4.033173243204753
835,9,31,0.21544784804185232,6.008388996124268,-0.7412031094233195
836,9,32,0.12449365357557933,4.104515552520752,0.22857890526453653
837,9,33,0.10440099487702052,3.3299620151519775,0.5919837156931559
838,9,34,0.13660710553328195,3.470144271850586,0.47881631056467694
839,9,35,0.16735097269217172,3.996898651123047,0.5520139733950297
840,9,36,0.18736947079499564,4.263638973236084,-0.8437679211298624
841,9,37,0.1846178670724233,4.0947113037109375,0.3924885392189026
842,9,38,0.1436438908179601,3.452686309814453,0.5878758430480957
843,9,39,0.11848339686791103,3.2104990482330322,0.524315079053243
844,9,40,0.11814537892738979,4.130063533782959,0.518002450466156
845,9,41,0.1280901382366816,4.627126693725586,0.2642679214477539
846,9,42,0.0998385672767957,3.048210859298706,0.6712419986724854
847,9,43,0.11317582925160725,3.1486618518829346,0.6010011235872904
848,9,44,0.12205343941847484,3.2125003337860107,0.5660621921221415
849,9,45,0.15719764431317648,3.7279632091522217,0.5820353825887045
850,9,46,0.13929943243662515,3.6791412830352783,0.6454296708106995
851,9,47,0.1335211048523585,3.3090574741363525,0.5000001986821493
852,9,48,0.12768922497828802,3.182309150695801,-0.19066051642100015
853,9,49,0.11144208411375682,3.453091859817505,0.42496325572331745
854,9,50,0.12673555066188177,3.437912702560425,0.5314064025878906
855,9,51,0.11497159798940022,3.227830648422241,0.646815021832784
856,9,52,0.1602202852567037,3.790098190307617,0.4226166804631551
857,9,53,0.1370204041401545,3.9307940006256104,0.6341040929158529
858,9,54,0.1366466855009397,3.403592109680176,0.4781990647315979
859,9,55,0.11989192912975948,3.1482741832733154,0.5779037872950236
860,9,56,0.11570830643177032,3.1649630069732666,-13.465990006923676
861,9,57,0.11641990393400192,3.136354446411133,0.5624274015426636
862,9,58,0.1129715343316396,3.2746448516845703,0.46530963977177936
863,9,59,0.11373072614272435,3.074392318725586,0.4432237943013509
864,9,60,0.11719100673993428,3.2622039318084717,0.663559635480245
865,9,61,0.1277203510204951,3.2582480907440186,0.6748281121253967
866,9,62,0.12532463918129602,3.572316884994507,0.5674968361854553
867,9,63,0.12825574725866318,3.7970943450927734,0.5787743528683981
868,9,64,0.1494090755780538,3.8853232860565186,0.5970386266708374
869,9,65,0.15781469146410623,3.954932451248169,0.6012544631958008
870,9,66,0.14634905755519867,3.8031444549560547,0.6151634852091471
871,9,67,0.14837965369224548,3.6730995178222656,0.49592018127441406
872,9,68,0.13531109193960825,3.646916627883911,0.5184462666511536
873,9,69,0.13498277962207794,3.199295997619629,-0.028515418370564777
874,9,70,0.14504344264666238,3.8080978393554688,0.6433273752530416
875,9,71,0.1262040138244629,3.396592140197754,0.571018914381663
876,9,72,0.12581227471431097,3.285447835922241,0.5708898901939392
877,9,73,0.11380854994058609,3.0208537578582764,0.6101927359898885
878,9,74,0.13245287537574768,4.024569511413574,0.6075552105903625
879,9,75,0.1356794536113739,3.3970794677734375,0.06637483835220337
880,9,76,0.1018140787879626,2.866384506225586,0.5790673891703287
881,9,77,0.11639242122570674,3.8144912719726562,0.6228887240091959
882,9,78,0.11572182178497314,3.2371342182159424,0.563961942990621
883,9,79,0.11484937866528828,3.84790301322937,0.6162067254384359
884,9,80,0.10981785009304683,2.9229812622070312,0.6820144852002462
885,9,81,0.12705955654382706,3.651873826980591,0.6193863749504089
886,9,82,0.1588513453801473,3.755202054977417,0.4324907461802165
887,9,83,0.10874104748169582,2.79962158203125,0.7098401387532552
888,9,84,0.11812262485424678,3.6983983516693115,0.564699113368988
889,9,85,0.14183556040128073,4.009777545928955,0.5711872180302938
890,9,86,0.13490081826845804,3.599393844604492,0.6136976480484009
891,9,87,0.1397777646780014,3.7734642028808594,0.6314444740613302
892,9,88,0.13192046185334524,3.525667428970337,0.33018171787261963
893,9,89,0.14323935409386954,3.796722173690796,0.5856523116429647
894,9,90,0.15179632107416788,3.8337924480438232,0.6197802027066549
895,9,91,0.1323801875114441,3.1723687648773193,-2.4756751457850137
896,9,92,0.18544716387987137,3.958843231201172,-0.10679872830708821
897,9,93,0.16951525211334229,3.833880662918091,-0.027214109897613525
898,9,94,0.11973499010006587,3.554576873779297,0.6149328351020813
899,9,95,0.11964545398950577,3.6033413410186768,0.6202229062716166
900,9,96,0.11866766959428787,4.06885290145874,0.5645849506060282
901,9,97,0.12213386346896489,3.3720035552978516,0.4387560486793518
902,9,98,0.10494545350472133,3.286602735519409,0.6105003555615743
903,9,99,0.13926858206590018,3.5014772415161133,0.5724339286486307
904,9,100,0.1588616023461024,3.482677459716797,-5.9955557982126875
905,9,101,0.14007139205932617,3.2850406169891357,0.544222374757131
906,9,102,0.12362270553906758,3.261690855026245,0.45963966846466064
907,9,103,0.141778198381265,4.0534210205078125,0.6395163536071777
908,9,104,0.1046105573574702,2.916295051574707,0.6699491937955221
909,9,105,0.11347361654043198,3.321479558944702,-0.926370898882548
910,9,106,0.12492544452349345,3.381082773208618,0.4945757985115051
911,9,107,0.1345998371640841,3.8147811889648438,0.6438275575637817
912,9,108,0.11445314685503642,3.0323410034179688,0.5627725124359131
913,9,109,0.12638330459594727,3.281928777694702,0.5837339361508688
914,9,110,0.13377976914246878,3.5059471130371094,0.6617605288823446
915,9,111,0.13479945560296377,3.3688571453094482,0.6268171072006226
916,9,112,0.13307304680347443,3.238293409347534,0.14126412073771158
917,9,113,0.12808718532323837,4.092167377471924,0.42057228088378906
918,9,114,0.11590505639712016,3.0817248821258545,0.6589579979578654
919,9,115,0.1359767665465673,3.575868606567383,0.514317790667216
920,9,116,0.10927150895198186,3.0932605266571045,0.5881627996762594
921,9,117,0.11649013310670853,3.081815719604492,0.6496425271034241
922,9,118,0.11587065209945042,3.1133289337158203,0.6109778881072998
923,9,119,0.13520059982935587,3.846841812133789,0.6164412895838419
924,9,120,0.10821407039960225,3.0547971725463867,0.5520663261413574
925,9,121,0.11290120830138524,3.2720746994018555,0.658091147740682
926,9,122,0.12061299880345662,3.309459686279297,0.43218209346135456
927,9,123,0.11140360186497371,3.0906760692596436,0.5514386296272278
928,9,124,0.11434794714053471,3.135761260986328,0.49813387791315716
929,9,125,0.12114948530991872,3.2286345958709717,0.5561409791310629
930,9,126,0.14673282702763876,3.9552581310272217,0.5641269683837891
931,9,127,0.13126953691244125,3.7735040187835693,0.6281087001164755
932,9,128,0.12413033594687779,3.9948227405548096,0.6162043809890747
933,9,129,0.12665568540493646,3.923116683959961,0.5912926197052002
934,9,130,0.13197090973456702,3.7146880626678467,0.5892269213994344
935,9,131,0.1538169632355372,3.678166151046753,0.5293343464533488
936,9,132,0.1318948914607366,3.169147491455078,-0.8287968238194784
937,9,133,0.16896194716294607,3.966646909713745,0.5999131798744202
938,9,134,0.14629722386598587,4.144819259643555,0.5433172782262167
939,9,135,0.11854039877653122,3.6928045749664307,0.654535194238027
940,9,136,0.1278014878431956,3.8928539752960205,0.5434015591939291
941,9,137,0.1076536476612091,3.009176015853882,0.4996325969696045
942,9,138,0.12415684014558792,3.1565091609954834,-0.22219043970108032
943,9,139,0.14621750513712564,3.3916189670562744,0.3157854874928792
944,9,140,0.1361182232697805,3.56667160987854,0.5048475861549377
945,9,141,0.15489086012045541,3.507462501525879,0.6352381904919943
946,9,142,0.15001133581002554,3.645221471786499,0.3919060230255127
947,9,143,0.13330576320489249,3.30656361579895,-0.27482547362645465
948,9,144,0.12658183773358664,3.9094436168670654,0.3207801381746928
949,9,145,0.1096716821193695,3.550013780593872,0.6318585276603699
950,9,146,0.11303762098153432,3.4226245880126953,0.662906289100647
951,9,147,0.1240330437819163,3.8139774799346924,0.6355429093043009
952,9,148,0.12219486633936565,3.234652519226074,0.61723925669988
953,9,149,0.16492377718289694,3.67738938331604,-3.2504842281341553
954,9,150,0.15969082216421762,3.666746139526367,0.47469886144002277
955,9,151,0.1285619338353475,3.178316116333008,-0.016753852367401123
956,9,152,0.12400064617395401,4.0842509269714355,0.3879626790682475
957,9,153,0.11651424318552017,3.8007545471191406,0.38236065705617267
958,9,154,0.12889126439889273,3.413315773010254,-0.6106017430623373
959,9,155,0.11588474114735921,3.308743715286255,0.31429481506347656
960,9,156,0.11886775245269139,3.174372911453247,0.5701415538787842
961,9,157,0.12218544135491054,3.7975165843963623,0.5782913565635681
962,9,158,0.1359320729970932,3.4624874591827393,0.25244959195454914
963,9,159,0.1284091075261434,3.7139384746551514,0.6511903206507365
964,9,160,0.13023949414491653,3.8412296772003174,0.6123360991477966
965,9,161,0.12798280268907547,3.26621150970459,0.632128099600474
966,9,162,0.1355461279551188,3.8416907787323,0.6385182936986288
967,9,163,0.14878510435422262,3.6280364990234375,-0.7576613823572794
968,9,164,0.12160047392050426,3.4443790912628174,-0.871781567732493
969,9,165,0.15845559785763422,4.053398132324219,0.6149391134579977
970,9,166,0.1508441517750422,3.6498873233795166,-0.18583454688390097
971,9,167,0.13107441862424216,3.27850604057312,0.5755342443784078
972,9,168,0.13003340611855188,3.8591442108154297,0.6375382542610168
973,9,169,0.11584520588318507,2.946415662765503,0.28891561428705853
974,9,170,0.11551241328318913,3.2259113788604736,0.4625004132588704
975,9,171,0.1295706331729889,3.31168270111084,0.5676043033599854
976,9,172,0.13872584948937097,3.503196954727173,0.49498037497202557
977,9,173,0.11401350299517314,3.19169545173645,0.6849963665008545
978,9,174,0.10734565556049347,3.070622205734253,0.6349795858065287
979,9,175,0.16646723449230194,4.207572937011719,0.6059240301450094
980,9,176,0.11001630127429962,3.0851001739501953,0.6229168176651001
981,9,177,0.1338195006052653,3.592064619064331,0.6700779994328817
982,9,178,0.14605170985062918,3.4442501068115234,0.5005492170651754
983,9,179,0.12356940656900406,3.6848490238189697,0.6246301730473837
984,9,180,0.11831241597731908,3.0917842388153076,0.6585967540740967
985,9,181,0.1313574934999148,3.1426048278808594,0.6917284727096558
986,9,182,0.1387431820233663,3.3565165996551514,-0.9297769069671631
987,9,183,0.12758413205544153,3.1128547191619873,0.4333961009979248
988,9,184,0.11678736408551534,3.543048143386841,0.5641932884852091
989,9,185,0.12686769912640253,3.2345752716064453,0.44020968675613403
990,9,186,0.14844856907924017,3.658850908279419,0.141795814037323
991,9,187,0.09080028409759204,2.5624353885650635,0.7385258475939432
992,9,188,0.11219361921151479,3.4477360248565674,0.589374840259552
993,9,189,0.1543151413400968,4.087024688720703,0.6310922702153524
994,9,190,0.13911838084459305,3.868178606033325,0.6101216872533163
995,9,191,0.12854894747336706,3.570439100265503,0.4261039098103841
996,9,192,0.1368455042441686,3.5949249267578125,0.5262012680371603
997,9,193,0.13363403578599295,3.3995285034179688,0.6275109450022379
998,9,194,0.13607320189476013,3.3309667110443115,0.3518578012784322
999,9,195,0.1350195730725924,3.3317806720733643,0.08010133107503255
1000,9,196,0.11429158101479213,2.9548118114471436,0.58833775917689
1001,9,197,0.10484667619069417,3.376422882080078,0.3673405845959981
1002,9,198,0.11458536982536316,4.077157974243164,0.501107394695282
1003,9,199,0.12787464261054993,4.3541388511657715,0.4697907567024231
1004,9,200,0.13847171515226364,3.4187450408935547,0.09987554947535197
